<?xml version="1.0" encoding="UTF-8"?>
<project-private xmlns="http://www.netbeans.org/ns/project-private/1">
    <editor-bookmarks xmlns="http://www.netbeans.org/ns/editor-bookmarks/1"/>
    <open-files xmlns="http://www.netbeans.org/ns/projectui-open-files/1">
        <file>file:/C:/Users/za/Documents/NetBeansProjects/jardinesSincronizado/src/jardinessincronizado/Main.java</file>
        <file>file:/C:/Users/za/Documents/NetBeansProjects/jardinesSincronizado/src/jardinessincronizado/Entra_Jardin.java</file>
        <file>file:/C:/Users/za/Documents/NetBeansProjects/jardinesSincronizado/src/jardinessincronizado/Sale_Jardin.java</file>
        <file>file:/C:/Users/za/Documents/NetBeansProjects/jardinesSincronizado/src/jardinessincronizado/RecursoJardin.java</file>
    </open-files>
</project-private>
