--------------------------------------------------------
-- Archivo creado  - domingo-mayo-22-2022   
--------------------------------------------------------
--------------------------------------------------------
--  DDL for Table ALCALDES
--------------------------------------------------------

  CREATE TABLE ALCALDES 
   (	IDPERS NUMBER(10,0)
   ) SEGMENT CREATION IMMEDIATE 
  PCTFREE 10 PCTUSED 40 INITRANS 1 MAXTRANS 255 
 NOCOMPRESS LOGGING
  STORAGE(INITIAL 65536 NEXT 1048576 MINEXTENTS 1 MAXEXTENTS 2147483645
  PCTINCREASE 0 FREELISTS 1 FREELIST GROUPS 1
  BUFFER_POOL DEFAULT FLASH_CACHE DEFAULT CELL_FLASH_CACHE DEFAULT)
  TABLESPACE USERS ;
--------------------------------------------------------
--  DDL for Table COMARCAS
--------------------------------------------------------

  CREATE TABLE COMARCAS 
   (	COD_COM CHAR(3 CHAR), 
	NOMBRE_COM VARCHAR2(25 CHAR), 
	NUM_MUNICS NUMBER(10,0)
   ) SEGMENT CREATION IMMEDIATE 
  PCTFREE 10 PCTUSED 40 INITRANS 1 MAXTRANS 255 
 NOCOMPRESS LOGGING
  STORAGE(INITIAL 65536 NEXT 1048576 MINEXTENTS 1 MAXEXTENTS 2147483645
  PCTINCREASE 0 FREELISTS 1 FREELIST GROUPS 1
  BUFFER_POOL DEFAULT FLASH_CACHE DEFAULT CELL_FLASH_CACHE DEFAULT)
  TABLESPACE USERS ;
--------------------------------------------------------
--  DDL for Table CONCEJALES
--------------------------------------------------------

  CREATE TABLE CONCEJALES 
   (	IDPERS NUMBER(10,0), 
	PARTIDO VARCHAR2(15 CHAR), 
	MUNICIPIO NUMBER(10,0)
   ) SEGMENT CREATION IMMEDIATE 
  PCTFREE 10 PCTUSED 40 INITRANS 1 MAXTRANS 255 
 NOCOMPRESS LOGGING
  STORAGE(INITIAL 65536 NEXT 1048576 MINEXTENTS 1 MAXEXTENTS 2147483645
  PCTINCREASE 0 FREELISTS 1 FREELIST GROUPS 1
  BUFFER_POOL DEFAULT FLASH_CACHE DEFAULT CELL_FLASH_CACHE DEFAULT)
  TABLESPACE USERS ;
--------------------------------------------------------
--  DDL for Table INCLUIDOS
--------------------------------------------------------

  CREATE TABLE INCLUIDOS 
   (	MUNICIPIO NUMBER(10,0), 
	MANCOMUNIDAD CHAR(10 CHAR), 
	F_ALTA DATE
   ) SEGMENT CREATION IMMEDIATE 
  PCTFREE 10 PCTUSED 40 INITRANS 1 MAXTRANS 255 
 NOCOMPRESS LOGGING
  STORAGE(INITIAL 65536 NEXT 1048576 MINEXTENTS 1 MAXEXTENTS 2147483645
  PCTINCREASE 0 FREELISTS 1 FREELIST GROUPS 1
  BUFFER_POOL DEFAULT FLASH_CACHE DEFAULT CELL_FLASH_CACHE DEFAULT)
  TABLESPACE USERS ;
--------------------------------------------------------
--  DDL for Table LIMITES
--------------------------------------------------------

  CREATE TABLE LIMITES 
   (	MUNICMAYOR NUMBER(10,0), 
	MUNICMENOR NUMBER(10,0)
   ) SEGMENT CREATION IMMEDIATE 
  PCTFREE 10 PCTUSED 40 INITRANS 1 MAXTRANS 255 
 NOCOMPRESS LOGGING
  STORAGE(INITIAL 65536 NEXT 1048576 MINEXTENTS 1 MAXEXTENTS 2147483645
  PCTINCREASE 0 FREELISTS 1 FREELIST GROUPS 1
  BUFFER_POOL DEFAULT FLASH_CACHE DEFAULT CELL_FLASH_CACHE DEFAULT)
  TABLESPACE USERS ;
--------------------------------------------------------
--  DDL for Table LOCALIDADES
--------------------------------------------------------

  CREATE TABLE LOCALIDADES 
   (	MUNICIPIO NUMBER(10,0), 
	NUMERO NUMBER(10,0), 
	NOMBRE_LOC VARCHAR2(30 CHAR), 
	HABITANTES NUMBER(10,0)
   ) SEGMENT CREATION IMMEDIATE 
  PCTFREE 10 PCTUSED 40 INITRANS 1 MAXTRANS 255 
 NOCOMPRESS LOGGING
  STORAGE(INITIAL 65536 NEXT 1048576 MINEXTENTS 1 MAXEXTENTS 2147483645
  PCTINCREASE 0 FREELISTS 1 FREELIST GROUPS 1
  BUFFER_POOL DEFAULT FLASH_CACHE DEFAULT CELL_FLASH_CACHE DEFAULT)
  TABLESPACE USERS ;
--------------------------------------------------------
--  DDL for Table MANCOMUNIDADES
--------------------------------------------------------

  CREATE TABLE MANCOMUNIDADES 
   (	REG_MANC CHAR(10 CHAR), 
	NOMBRE_MANC VARCHAR2(60 CHAR), 
	DES CLOB, 
	MUNICIPIO_SEDE NUMBER(10,0), 
	NUM_SEDE NUMBER(10,0)
   ) SEGMENT CREATION IMMEDIATE 
  PCTFREE 10 PCTUSED 40 INITRANS 1 MAXTRANS 255 
 NOCOMPRESS LOGGING
  STORAGE(INITIAL 65536 NEXT 1048576 MINEXTENTS 1 MAXEXTENTS 2147483645
  PCTINCREASE 0 FREELISTS 1 FREELIST GROUPS 1
  BUFFER_POOL DEFAULT FLASH_CACHE DEFAULT CELL_FLASH_CACHE DEFAULT)
  TABLESPACE USERS 
 LOB (DES) STORE AS SECUREFILE (
  TABLESPACE USERS ENABLE STORAGE IN ROW 4000 CHUNK 8192
  NOCACHE LOGGING  NOCOMPRESS  KEEP_DUPLICATES 
  STORAGE(INITIAL 262144 NEXT 1048576 MINEXTENTS 1 MAXEXTENTS 2147483645
  PCTINCREASE 0
  BUFFER_POOL DEFAULT FLASH_CACHE DEFAULT CELL_FLASH_CACHE DEFAULT)) ;
--------------------------------------------------------
--  DDL for Table MUNICIPIOS
--------------------------------------------------------

  CREATE TABLE MUNICIPIOS 
   (	ID NUMBER(10,0), 
	COD_MUN CHAR(3 CHAR), 
	NOMBRE VARCHAR2(30 CHAR), 
	EXTENSION NUMBER, 
	POBLACION NUMBER(10,0), 
	ESCUDO VARCHAR2(200 CHAR), 
	BANDERA VARCHAR2(200 CHAR), 
	COMARCA CHAR(3 CHAR), 
	NUM_LOCS NUMBER(10,0)
   ) SEGMENT CREATION IMMEDIATE 
  PCTFREE 10 PCTUSED 40 INITRANS 1 MAXTRANS 255 
 NOCOMPRESS LOGGING
  STORAGE(INITIAL 65536 NEXT 1048576 MINEXTENTS 1 MAXEXTENTS 2147483645
  PCTINCREASE 0 FREELISTS 1 FREELIST GROUPS 1
  BUFFER_POOL DEFAULT FLASH_CACHE DEFAULT CELL_FLASH_CACHE DEFAULT)
  TABLESPACE USERS ;
--------------------------------------------------------
--  DDL for Table PERSONAJES
--------------------------------------------------------

  CREATE TABLE PERSONAJES 
   (	IDPERS NUMBER(10,0), 
	PROFESION VARCHAR2(50 CHAR), 
	LMUNICIPIO NUMBER(10,0), 
	LOC_NUMERO NUMBER(10,0), 
	BIOGRAFIA CLOB
   ) SEGMENT CREATION IMMEDIATE 
  PCTFREE 10 PCTUSED 40 INITRANS 1 MAXTRANS 255 
 NOCOMPRESS LOGGING
  STORAGE(INITIAL 65536 NEXT 1048576 MINEXTENTS 1 MAXEXTENTS 2147483645
  PCTINCREASE 0 FREELISTS 1 FREELIST GROUPS 1
  BUFFER_POOL DEFAULT FLASH_CACHE DEFAULT CELL_FLASH_CACHE DEFAULT)
  TABLESPACE USERS 
 LOB (BIOGRAFIA) STORE AS SECUREFILE (
  TABLESPACE USERS ENABLE STORAGE IN ROW 4000 CHUNK 8192
  NOCACHE LOGGING  NOCOMPRESS  KEEP_DUPLICATES 
  STORAGE(INITIAL 262144 NEXT 1048576 MINEXTENTS 1 MAXEXTENTS 2147483645
  PCTINCREASE 0
  BUFFER_POOL DEFAULT FLASH_CACHE DEFAULT CELL_FLASH_CACHE DEFAULT)) ;
--------------------------------------------------------
--  DDL for Table PERSONAS
--------------------------------------------------------

  CREATE TABLE PERSONAS 
   (	IDPERS NUMBER(10,0), 
	NOMBRE VARCHAR2(20 CHAR), 
	APELLIDOS VARCHAR2(30 CHAR), 
	A_NAC NUMBER(10,0), 
	LOCALIDAD VARCHAR2(45 CHAR), 
	A_FALL NUMBER(10,0)
   ) SEGMENT CREATION IMMEDIATE 
  PCTFREE 10 PCTUSED 40 INITRANS 1 MAXTRANS 255 
 NOCOMPRESS LOGGING
  STORAGE(INITIAL 65536 NEXT 1048576 MINEXTENTS 1 MAXEXTENTS 2147483645
  PCTINCREASE 0 FREELISTS 1 FREELIST GROUPS 1
  BUFFER_POOL DEFAULT FLASH_CACHE DEFAULT CELL_FLASH_CACHE DEFAULT)
  TABLESPACE USERS ;
--------------------------------------------------------
--  DDL for Table RIGE
--------------------------------------------------------

  CREATE TABLE RIGE 
   (	ID_RIGE NUMBER(10,0), 
	ALCALDE NUMBER(10,0), 
	MUNICIPIO NUMBER(10,0), 
	FINI DATE, 
	FFIN DATE, 
	PARTIDO VARCHAR2(15 CHAR)
   ) SEGMENT CREATION IMMEDIATE 
  PCTFREE 10 PCTUSED 40 INITRANS 1 MAXTRANS 255 
 NOCOMPRESS LOGGING
  STORAGE(INITIAL 65536 NEXT 1048576 MINEXTENTS 1 MAXEXTENTS 2147483645
  PCTINCREASE 0 FREELISTS 1 FREELIST GROUPS 1
  BUFFER_POOL DEFAULT FLASH_CACHE DEFAULT CELL_FLASH_CACHE DEFAULT)
  TABLESPACE USERS ;
REM INSERTING into ALCALDES
SET DEFINE OFF;
Insert into ALCALDES (IDPERS) values ('1');
Insert into ALCALDES (IDPERS) values ('2');
Insert into ALCALDES (IDPERS) values ('3');
Insert into ALCALDES (IDPERS) values ('4');
Insert into ALCALDES (IDPERS) values ('5');
Insert into ALCALDES (IDPERS) values ('6');
Insert into ALCALDES (IDPERS) values ('7');
Insert into ALCALDES (IDPERS) values ('26');
Insert into ALCALDES (IDPERS) values ('27');
REM INSERTING into COMARCAS
SET DEFINE OFF;
Insert into COMARCAS (COD_COM,NOMBRE_COM,NUM_MUNICS) values ('A-A','Asón-Agüera','1');
Insert into COMARCAS (COD_COM,NOMBRE_COM,NUM_MUNICS) values ('BSY','Besaya','1');
Insert into COMARCAS (COD_COM,NOMBRE_COM,NUM_MUNICS) values ('CLV','Campoo-Los Valles','1');
Insert into COMARCAS (COD_COM,NOMBRE_COM,NUM_MUNICS) values ('COC','Costa Occidental','1');
Insert into COMARCAS (COD_COM,NOMBRE_COM,NUM_MUNICS) values ('COR','Costa Oriental','1');
Insert into COMARCAS (COD_COM,NOMBRE_COM,NUM_MUNICS) values ('LIE','Liebana','1');
Insert into COMARCAS (COD_COM,NOMBRE_COM,NUM_MUNICS) values ('S-N','Saja-Nansa','1');
Insert into COMARCAS (COD_COM,NOMBRE_COM,NUM_MUNICS) values ('SAN','Santander','1');
Insert into COMARCAS (COD_COM,NOMBRE_COM,NUM_MUNICS) values ('TRA','Trasmiera','1');
Insert into COMARCAS (COD_COM,NOMBRE_COM,NUM_MUNICS) values ('VPA','Valles Pasiegos','1');
REM INSERTING into CONCEJALES
SET DEFINE OFF;
Insert into CONCEJALES (IDPERS,PARTIDO,MUNICIPIO) values ('1','PP','1');
Insert into CONCEJALES (IDPERS,PARTIDO,MUNICIPIO) values ('2','PP','2');
Insert into CONCEJALES (IDPERS,PARTIDO,MUNICIPIO) values ('3','PRC','3');
Insert into CONCEJALES (IDPERS,PARTIDO,MUNICIPIO) values ('4','PRC','4');
Insert into CONCEJALES (IDPERS,PARTIDO,MUNICIPIO) values ('5','PRC','5');
Insert into CONCEJALES (IDPERS,PARTIDO,MUNICIPIO) values ('6','PP','6');
Insert into CONCEJALES (IDPERS,PARTIDO,MUNICIPIO) values ('7','PP','7');
Insert into CONCEJALES (IDPERS,PARTIDO,MUNICIPIO) values ('12','PP','1');
Insert into CONCEJALES (IDPERS,PARTIDO,MUNICIPIO) values ('13','PP','1');
Insert into CONCEJALES (IDPERS,PARTIDO,MUNICIPIO) values ('14','PP','1');
Insert into CONCEJALES (IDPERS,PARTIDO,MUNICIPIO) values ('15','PP','1');
Insert into CONCEJALES (IDPERS,PARTIDO,MUNICIPIO) values ('16','PP','1');
Insert into CONCEJALES (IDPERS,PARTIDO,MUNICIPIO) values ('17','PRC','1');
Insert into CONCEJALES (IDPERS,PARTIDO,MUNICIPIO) values ('18','PRC','1');
Insert into CONCEJALES (IDPERS,PARTIDO,MUNICIPIO) values ('19','PSOE','1');
Insert into CONCEJALES (IDPERS,PARTIDO,MUNICIPIO) values ('20','PSOE','1');
Insert into CONCEJALES (IDPERS,PARTIDO,MUNICIPIO) values ('21','PPLML','1');
REM INSERTING into INCLUIDOS
SET DEFINE OFF;
Insert into INCLUIDOS (MUNICIPIO,MANCOMUNIDAD,F_ALTA) values ('12','0539002   ',to_date('12/03/12','DD/MM/RR'));
Insert into INCLUIDOS (MUNICIPIO,MANCOMUNIDAD,F_ALTA) values ('12','0539016   ',to_date('12/06/10','DD/MM/RR'));
Insert into INCLUIDOS (MUNICIPIO,MANCOMUNIDAD,F_ALTA) values ('14','0539002   ',to_date('12/03/12','DD/MM/RR'));
Insert into INCLUIDOS (MUNICIPIO,MANCOMUNIDAD,F_ALTA) values ('14','0539016   ',to_date('12/06/10','DD/MM/RR'));
Insert into INCLUIDOS (MUNICIPIO,MANCOMUNIDAD,F_ALTA) values ('33','0539016   ',to_date('12/06/10','DD/MM/RR'));
Insert into INCLUIDOS (MUNICIPIO,MANCOMUNIDAD,F_ALTA) values ('34','0539016   ',to_date('12/06/10','DD/MM/RR'));
Insert into INCLUIDOS (MUNICIPIO,MANCOMUNIDAD,F_ALTA) values ('41','0539002   ',to_date('12/03/12','DD/MM/RR'));
Insert into INCLUIDOS (MUNICIPIO,MANCOMUNIDAD,F_ALTA) values ('41','0539016   ',to_date('12/06/10','DD/MM/RR'));
Insert into INCLUIDOS (MUNICIPIO,MANCOMUNIDAD,F_ALTA) values ('49','0539016   ',to_date('12/06/10','DD/MM/RR'));
Insert into INCLUIDOS (MUNICIPIO,MANCOMUNIDAD,F_ALTA) values ('53','0539016   ',to_date('12/06/10','DD/MM/RR'));
Insert into INCLUIDOS (MUNICIPIO,MANCOMUNIDAD,F_ALTA) values ('63','0539016   ',to_date('12/06/10','DD/MM/RR'));
Insert into INCLUIDOS (MUNICIPIO,MANCOMUNIDAD,F_ALTA) values ('66','0539002   ',to_date('12/03/12','DD/MM/RR'));
Insert into INCLUIDOS (MUNICIPIO,MANCOMUNIDAD,F_ALTA) values ('66','0539016   ',to_date('12/06/10','DD/MM/RR'));
Insert into INCLUIDOS (MUNICIPIO,MANCOMUNIDAD,F_ALTA) values ('73','0539016   ',to_date('12/06/10','DD/MM/RR'));
Insert into INCLUIDOS (MUNICIPIO,MANCOMUNIDAD,F_ALTA) values ('86','0539002   ',to_date('12/03/12','DD/MM/RR'));
Insert into INCLUIDOS (MUNICIPIO,MANCOMUNIDAD,F_ALTA) values ('86','0539016   ',to_date('12/06/10','DD/MM/RR'));
Insert into INCLUIDOS (MUNICIPIO,MANCOMUNIDAD,F_ALTA) values ('89','0539016   ',to_date('12/06/10','DD/MM/RR'));
Insert into INCLUIDOS (MUNICIPIO,MANCOMUNIDAD,F_ALTA) values ('90','0539016   ',to_date('12/06/10','DD/MM/RR'));
Insert into INCLUIDOS (MUNICIPIO,MANCOMUNIDAD,F_ALTA) values ('91','0539016   ',to_date('12/06/10','DD/MM/RR'));
Insert into INCLUIDOS (MUNICIPIO,MANCOMUNIDAD,F_ALTA) values ('92','0539016   ',to_date('12/06/10','DD/MM/RR'));
REM INSERTING into LIMITES
SET DEFINE OFF;
Insert into LIMITES (MUNICMAYOR,MUNICMENOR) values ('1','12');
Insert into LIMITES (MUNICMAYOR,MUNICMENOR) values ('1','25');
Insert into LIMITES (MUNICMAYOR,MUNICMENOR) values ('1','32');
Insert into LIMITES (MUNICMAYOR,MUNICMENOR) values ('1','68');
Insert into LIMITES (MUNICMAYOR,MUNICMENOR) values ('1','77');
Insert into LIMITES (MUNICMAYOR,MUNICMENOR) values ('1','90');
Insert into LIMITES (MUNICMAYOR,MUNICMENOR) values ('2','36');
Insert into LIMITES (MUNICMAYOR,MUNICMENOR) values ('2','38');
Insert into LIMITES (MUNICMAYOR,MUNICMENOR) values ('4','3');
Insert into LIMITES (MUNICMAYOR,MUNICMENOR) values ('4','10');
Insert into LIMITES (MUNICMAYOR,MUNICMENOR) values ('4','22');
Insert into LIMITES (MUNICMAYOR,MUNICMENOR) values ('4','26');
Insert into LIMITES (MUNICMAYOR,MUNICMENOR) values ('4','27');
Insert into LIMITES (MUNICMAYOR,MUNICMENOR) values ('4','46');
Insert into LIMITES (MUNICMAYOR,MUNICMENOR) values ('6','5');
Insert into LIMITES (MUNICMAYOR,MUNICMENOR) values ('6','29');
Insert into LIMITES (MUNICMAYOR,MUNICMENOR) values ('6','43');
Insert into LIMITES (MUNICMAYOR,MUNICMENOR) values ('6','47');
Insert into LIMITES (MUNICMAYOR,MUNICMENOR) values ('7','45');
Insert into LIMITES (MUNICMAYOR,MUNICMENOR) values ('9','24');
Insert into LIMITES (MUNICMAYOR,MUNICMENOR) values ('9','29');
Insert into LIMITES (MUNICMAYOR,MUNICMENOR) values ('9','31');
Insert into LIMITES (MUNICMAYOR,MUNICMENOR) values ('9','35');
Insert into LIMITES (MUNICMAYOR,MUNICMENOR) values ('9','84');
Insert into LIMITES (MUNICMAYOR,MUNICMENOR) values ('10','50');
Insert into LIMITES (MUNICMAYOR,MUNICMENOR) values ('11','6');
Insert into LIMITES (MUNICMAYOR,MUNICMENOR) values ('11','43');
Insert into LIMITES (MUNICMAYOR,MUNICMENOR) values ('12','60');
Insert into LIMITES (MUNICMAYOR,MUNICMENOR) values ('12','90');
Insert into LIMITES (MUNICMAYOR,MUNICMENOR) values ('13','34');
Insert into LIMITES (MUNICMAYOR,MUNICMENOR) values ('13','50');
Insert into LIMITES (MUNICMAYOR,MUNICMENOR) values ('13','55');
Insert into LIMITES (MUNICMAYOR,MUNICMENOR) values ('14','66');
Insert into LIMITES (MUNICMAYOR,MUNICMENOR) values ('14','89');
Insert into LIMITES (MUNICMAYOR,MUNICMENOR) values ('15','23');
Insert into LIMITES (MUNICMAYOR,MUNICMENOR) values ('15','55');
Insert into LIMITES (MUNICMAYOR,MUNICMENOR) values ('15','97');
Insert into LIMITES (MUNICMAYOR,MUNICMENOR) values ('17','18');
Insert into LIMITES (MUNICMAYOR,MUNICMENOR) values ('17','59');
Insert into LIMITES (MUNICMAYOR,MUNICMENOR) values ('17','65');
Insert into LIMITES (MUNICMAYOR,MUNICMENOR) values ('17','78');
Insert into LIMITES (MUNICMAYOR,MUNICMENOR) values ('17','93');
Insert into LIMITES (MUNICMAYOR,MUNICMENOR) values ('17','94');
Insert into LIMITES (MUNICMAYOR,MUNICMENOR) values ('18','65');
Insert into LIMITES (MUNICMAYOR,MUNICMENOR) values ('18','70');
Insert into LIMITES (MUNICMAYOR,MUNICMENOR) values ('18','78');
Insert into LIMITES (MUNICMAYOR,MUNICMENOR) values ('21','30');
Insert into LIMITES (MUNICMAYOR,MUNICMENOR) values ('21','36');
Insert into LIMITES (MUNICMAYOR,MUNICMENOR) values ('23','13');
Insert into LIMITES (MUNICMAYOR,MUNICMENOR) values ('23','34');
Insert into LIMITES (MUNICMAYOR,MUNICMENOR) values ('23','49');
Insert into LIMITES (MUNICMAYOR,MUNICMENOR) values ('23','55');
Insert into LIMITES (MUNICMAYOR,MUNICMENOR) values ('23','88');
Insert into LIMITES (MUNICMAYOR,MUNICMENOR) values ('25','68');
Insert into LIMITES (MUNICMAYOR,MUNICMENOR) values ('26','3');
Insert into LIMITES (MUNICMAYOR,MUNICMENOR) values ('26','19');
Insert into LIMITES (MUNICMAYOR,MUNICMENOR) values ('26','22');
Insert into LIMITES (MUNICMAYOR,MUNICMENOR) values ('26','69');
Insert into LIMITES (MUNICMAYOR,MUNICMENOR) values ('27','3');
Insert into LIMITES (MUNICMAYOR,MUNICMENOR) values ('27','56');
Insert into LIMITES (MUNICMAYOR,MUNICMENOR) values ('27','69');
Insert into LIMITES (MUNICMAYOR,MUNICMENOR) values ('27','79');
Insert into LIMITES (MUNICMAYOR,MUNICMENOR) values ('28','40');
Insert into LIMITES (MUNICMAYOR,MUNICMENOR) values ('28','42');
Insert into LIMITES (MUNICMAYOR,MUNICMENOR) values ('28','62');
Insert into LIMITES (MUNICMAYOR,MUNICMENOR) values ('28','64');
Insert into LIMITES (MUNICMAYOR,MUNICMENOR) values ('28','84');
Insert into LIMITES (MUNICMAYOR,MUNICMENOR) values ('29','5');
Insert into LIMITES (MUNICMAYOR,MUNICMENOR) values ('30','2');
Insert into LIMITES (MUNICMAYOR,MUNICMENOR) values ('30','36');
Insert into LIMITES (MUNICMAYOR,MUNICMENOR) values ('30','58');
REM INSERTING into LOCALIDADES
SET DEFINE OFF;
Insert into LOCALIDADES (MUNICIPIO,NUMERO,NOMBRE_LOC,HABITANTES) values ('1','1','Cóbreces','601');
Insert into LOCALIDADES (MUNICIPIO,NUMERO,NOMBRE_LOC,HABITANTES) values ('1','2','Busta, La','114');
Insert into LOCALIDADES (MUNICIPIO,NUMERO,NOMBRE_LOC,HABITANTES) values ('1','3','Cigüenza','95');
Insert into LOCALIDADES (MUNICIPIO,NUMERO,NOMBRE_LOC,HABITANTES) values ('1','4','Novales','457');
Insert into LOCALIDADES (MUNICIPIO,NUMERO,NOMBRE_LOC,HABITANTES) values ('1','5','Oreña','843');
Insert into LOCALIDADES (MUNICIPIO,NUMERO,NOMBRE_LOC,HABITANTES) values ('1','6','Rudagüera','372');
Insert into LOCALIDADES (MUNICIPIO,NUMERO,NOMBRE_LOC,HABITANTES) values ('1','7','Toñanes','111');
Insert into LOCALIDADES (MUNICIPIO,NUMERO,NOMBRE_LOC,HABITANTES) values ('12','1','Bustablado','57');
Insert into LOCALIDADES (MUNICIPIO,NUMERO,NOMBRE_LOC,HABITANTES) values ('12','2','Cabezón de la Sal','5285');
Insert into LOCALIDADES (MUNICIPIO,NUMERO,NOMBRE_LOC,HABITANTES) values ('12','3','Cabrojo','150');
Insert into LOCALIDADES (MUNICIPIO,NUMERO,NOMBRE_LOC,HABITANTES) values ('12','4','Carrejo','290');
Insert into LOCALIDADES (MUNICIPIO,NUMERO,NOMBRE_LOC,HABITANTES) values ('12','5','Casar','788');
Insert into LOCALIDADES (MUNICIPIO,NUMERO,NOMBRE_LOC,HABITANTES) values ('12','6','Duña','41');
Insert into LOCALIDADES (MUNICIPIO,NUMERO,NOMBRE_LOC,HABITANTES) values ('12','7','Ontoria','432');
Insert into LOCALIDADES (MUNICIPIO,NUMERO,NOMBRE_LOC,HABITANTES) values ('12','8','Periedo','70');
Insert into LOCALIDADES (MUNICIPIO,NUMERO,NOMBRE_LOC,HABITANTES) values ('12','9','Santibañez','182');
Insert into LOCALIDADES (MUNICIPIO,NUMERO,NOMBRE_LOC,HABITANTES) values ('12','10','Vernejo','549');
Insert into LOCALIDADES (MUNICIPIO,NUMERO,NOMBRE_LOC,HABITANTES) values ('12','11','Virgen de la Peña','77');
Insert into LOCALIDADES (MUNICIPIO,NUMERO,NOMBRE_LOC,HABITANTES) values ('13','1','Aniezo','32');
Insert into LOCALIDADES (MUNICIPIO,NUMERO,NOMBRE_LOC,HABITANTES) values ('13','2','Buyezo','37');
Insert into LOCALIDADES (MUNICIPIO,NUMERO,NOMBRE_LOC,HABITANTES) values ('13','3','Cabariezo','12');
Insert into LOCALIDADES (MUNICIPIO,NUMERO,NOMBRE_LOC,HABITANTES) values ('13','4','Cabezón de Liébana','96');
Insert into LOCALIDADES (MUNICIPIO,NUMERO,NOMBRE_LOC,HABITANTES) values ('13','5','Cahecho','50');
Insert into LOCALIDADES (MUNICIPIO,NUMERO,NOMBRE_LOC,HABITANTES) values ('13','6','Cambarco','34');
Insert into LOCALIDADES (MUNICIPIO,NUMERO,NOMBRE_LOC,HABITANTES) values ('13','7','Frama','161');
Insert into LOCALIDADES (MUNICIPIO,NUMERO,NOMBRE_LOC,HABITANTES) values ('13','8','Lamedo','31');
Insert into LOCALIDADES (MUNICIPIO,NUMERO,NOMBRE_LOC,HABITANTES) values ('13','9','Luriezo','47');
Insert into LOCALIDADES (MUNICIPIO,NUMERO,NOMBRE_LOC,HABITANTES) values ('13','10','Perrozo','59');
Insert into LOCALIDADES (MUNICIPIO,NUMERO,NOMBRE_LOC,HABITANTES) values ('13','11','Piasca','75');
Insert into LOCALIDADES (MUNICIPIO,NUMERO,NOMBRE_LOC,HABITANTES) values ('13','12','San Andrés','36');
Insert into LOCALIDADES (MUNICIPIO,NUMERO,NOMBRE_LOC,HABITANTES) values ('13','13','Torices','27');
Insert into LOCALIDADES (MUNICIPIO,NUMERO,NOMBRE_LOC,HABITANTES) values ('14','1','Carmona','217');
Insert into LOCALIDADES (MUNICIPIO,NUMERO,NOMBRE_LOC,HABITANTES) values ('14','2','Fresneda','21');
Insert into LOCALIDADES (MUNICIPIO,NUMERO,NOMBRE_LOC,HABITANTES) values ('14','3','Renedo','138');
Insert into LOCALIDADES (MUNICIPIO,NUMERO,NOMBRE_LOC,HABITANTES) values ('14','4','Selores','75');
Insert into LOCALIDADES (MUNICIPIO,NUMERO,NOMBRE_LOC,HABITANTES) values ('14','5','Sopeña','256');
Insert into LOCALIDADES (MUNICIPIO,NUMERO,NOMBRE_LOC,HABITANTES) values ('14','6','Terán','191');
Insert into LOCALIDADES (MUNICIPIO,NUMERO,NOMBRE_LOC,HABITANTES) values ('14','7','Valle','176');
Insert into LOCALIDADES (MUNICIPIO,NUMERO,NOMBRE_LOC,HABITANTES) values ('14','8','Viaña','60');
Insert into LOCALIDADES (MUNICIPIO,NUMERO,NOMBRE_LOC,HABITANTES) values ('15','1','Areños','46');
Insert into LOCALIDADES (MUNICIPIO,NUMERO,NOMBRE_LOC,HABITANTES) values ('15','2','Argüébanes','46');
Insert into LOCALIDADES (MUNICIPIO,NUMERO,NOMBRE_LOC,HABITANTES) values ('15','3','Bárcena','17');
Insert into LOCALIDADES (MUNICIPIO,NUMERO,NOMBRE_LOC,HABITANTES) values ('15','4','Beares','5');
Insert into LOCALIDADES (MUNICIPIO,NUMERO,NOMBRE_LOC,HABITANTES) values ('15','5','Besoy','8');
Insert into LOCALIDADES (MUNICIPIO,NUMERO,NOMBRE_LOC,HABITANTES) values ('15','6','Bodia','9');
Insert into LOCALIDADES (MUNICIPIO,NUMERO,NOMBRE_LOC,HABITANTES) values ('15','7','Brez','35');
Insert into LOCALIDADES (MUNICIPIO,NUMERO,NOMBRE_LOC,HABITANTES) values ('15','8','Camaleño','52');
Insert into LOCALIDADES (MUNICIPIO,NUMERO,NOMBRE_LOC,HABITANTES) values ('15','9','Congarna','13');
Insert into LOCALIDADES (MUNICIPIO,NUMERO,NOMBRE_LOC,HABITANTES) values ('15','10','Cosgaya','52');
Insert into LOCALIDADES (MUNICIPIO,NUMERO,NOMBRE_LOC,HABITANTES) values ('15','11','Enterría','2');
Insert into LOCALIDADES (MUNICIPIO,NUMERO,NOMBRE_LOC,HABITANTES) values ('15','12','Espinama','123');
Insert into LOCALIDADES (MUNICIPIO,NUMERO,NOMBRE_LOC,HABITANTES) values ('15','13','La Frecha','34');
Insert into LOCALIDADES (MUNICIPIO,NUMERO,NOMBRE_LOC,HABITANTES) values ('15','14','Fuente De','5');
Insert into LOCALIDADES (MUNICIPIO,NUMERO,NOMBRE_LOC,HABITANTES) values ('15','15','Las Ilces','14');
Insert into LOCALIDADES (MUNICIPIO,NUMERO,NOMBRE_LOC,HABITANTES) values ('15','16','Lon','75');
Insert into LOCALIDADES (MUNICIPIO,NUMERO,NOMBRE_LOC,HABITANTES) values ('15','17','Los Llanos','27');
Insert into LOCALIDADES (MUNICIPIO,NUMERO,NOMBRE_LOC,HABITANTES) values ('15','18','Llaves','32');
Insert into LOCALIDADES (MUNICIPIO,NUMERO,NOMBRE_LOC,HABITANTES) values ('15','19','Mieses','40');
Insert into LOCALIDADES (MUNICIPIO,NUMERO,NOMBRE_LOC,HABITANTES) values ('15','20','Mogrovejo','52');
Insert into LOCALIDADES (MUNICIPIO,NUMERO,NOMBRE_LOC,HABITANTES) values ('15','21','La Molina','20');
Insert into LOCALIDADES (MUNICIPIO,NUMERO,NOMBRE_LOC,HABITANTES) values ('15','22','Pembes','75');
Insert into LOCALIDADES (MUNICIPIO,NUMERO,NOMBRE_LOC,HABITANTES) values ('15','23','Pido','131');
Insert into LOCALIDADES (MUNICIPIO,NUMERO,NOMBRE_LOC,HABITANTES) values ('15','24','Quintana','9');
Insert into LOCALIDADES (MUNICIPIO,NUMERO,NOMBRE_LOC,HABITANTES) values ('15','25','San Pelayo','21');
Insert into LOCALIDADES (MUNICIPIO,NUMERO,NOMBRE_LOC,HABITANTES) values ('15','26','Santo Toribio','1');
Insert into LOCALIDADES (MUNICIPIO,NUMERO,NOMBRE_LOC,HABITANTES) values ('15','27','Sebrango','10');
Insert into LOCALIDADES (MUNICIPIO,NUMERO,NOMBRE_LOC,HABITANTES) values ('15','28','Tanarrio','26');
Insert into LOCALIDADES (MUNICIPIO,NUMERO,NOMBRE_LOC,HABITANTES) values ('15','29','Treviño','9');
Insert into LOCALIDADES (MUNICIPIO,NUMERO,NOMBRE_LOC,HABITANTES) values ('15','30','Turieno','102');
Insert into LOCALIDADES (MUNICIPIO,NUMERO,NOMBRE_LOC,HABITANTES) values ('15','31','Vallejo','7');
Insert into LOCALIDADES (MUNICIPIO,NUMERO,NOMBRE_LOC,HABITANTES) values ('23','1','Aliezo','59');
Insert into LOCALIDADES (MUNICIPIO,NUMERO,NOMBRE_LOC,HABITANTES) values ('23','2','Armaño','28');
Insert into LOCALIDADES (MUNICIPIO,NUMERO,NOMBRE_LOC,HABITANTES) values ('23','3','Bejes','72');
Insert into LOCALIDADES (MUNICIPIO,NUMERO,NOMBRE_LOC,HABITANTES) values ('23','4','Cabañes','47');
Insert into LOCALIDADES (MUNICIPIO,NUMERO,NOMBRE_LOC,HABITANTES) values ('23','5','Castro-Cillorigo','57');
Insert into LOCALIDADES (MUNICIPIO,NUMERO,NOMBRE_LOC,HABITANTES) values ('23','6','Cobeña','14');
Insert into LOCALIDADES (MUNICIPIO,NUMERO,NOMBRE_LOC,HABITANTES) values ('23','7','Colio','63');
Insert into LOCALIDADES (MUNICIPIO,NUMERO,NOMBRE_LOC,HABITANTES) values ('23','8','Lebeña','94');
Insert into LOCALIDADES (MUNICIPIO,NUMERO,NOMBRE_LOC,HABITANTES) values ('23','9','Llayo','2');
Insert into LOCALIDADES (MUNICIPIO,NUMERO,NOMBRE_LOC,HABITANTES) values ('23','10','Ojedo','441');
Insert into LOCALIDADES (MUNICIPIO,NUMERO,NOMBRE_LOC,HABITANTES) values ('23','11','Pendes','56');
Insert into LOCALIDADES (MUNICIPIO,NUMERO,NOMBRE_LOC,HABITANTES) values ('23','12','Pumareña','41');
Insert into LOCALIDADES (MUNICIPIO,NUMERO,NOMBRE_LOC,HABITANTES) values ('23','13','Salarzón','33');
Insert into LOCALIDADES (MUNICIPIO,NUMERO,NOMBRE_LOC,HABITANTES) values ('23','14','San Pedro','22');
Insert into LOCALIDADES (MUNICIPIO,NUMERO,NOMBRE_LOC,HABITANTES) values ('23','15','Trillayo','33');
Insert into LOCALIDADES (MUNICIPIO,NUMERO,NOMBRE_LOC,HABITANTES) values ('23','16','Viñón','44');
Insert into LOCALIDADES (MUNICIPIO,NUMERO,NOMBRE_LOC,HABITANTES) values ('23','17','Tama','64');
Insert into LOCALIDADES (MUNICIPIO,NUMERO,NOMBRE_LOC,HABITANTES) values ('23','18','Esanos','45');
Insert into LOCALIDADES (MUNICIPIO,NUMERO,NOMBRE_LOC,HABITANTES) values ('25','1','Comillas','2374');
Insert into LOCALIDADES (MUNICIPIO,NUMERO,NOMBRE_LOC,HABITANTES) values ('25','2','Rabia, La','14');
Insert into LOCALIDADES (MUNICIPIO,NUMERO,NOMBRE_LOC,HABITANTES) values ('25','3','Rioturbio','43');
Insert into LOCALIDADES (MUNICIPIO,NUMERO,NOMBRE_LOC,HABITANTES) values ('25','4','Rubárcena','37');
Insert into LOCALIDADES (MUNICIPIO,NUMERO,NOMBRE_LOC,HABITANTES) values ('25','5','Ruiseñada','200');
Insert into LOCALIDADES (MUNICIPIO,NUMERO,NOMBRE_LOC,HABITANTES) values ('25','6','Trasvía','180');
Insert into LOCALIDADES (MUNICIPIO,NUMERO,NOMBRE_LOC,HABITANTES) values ('33','1','Bielva','244');
Insert into LOCALIDADES (MUNICIPIO,NUMERO,NOMBRE_LOC,HABITANTES) values ('33','2','Cabanzón','142');
Insert into LOCALIDADES (MUNICIPIO,NUMERO,NOMBRE_LOC,HABITANTES) values ('33','3','Cades','87');
Insert into LOCALIDADES (MUNICIPIO,NUMERO,NOMBRE_LOC,HABITANTES) values ('33','4','Camijanes','100');
Insert into LOCALIDADES (MUNICIPIO,NUMERO,NOMBRE_LOC,HABITANTES) values ('33','5','Casamaría','80');
Insert into LOCALIDADES (MUNICIPIO,NUMERO,NOMBRE_LOC,HABITANTES) values ('33','6','Puente del Arrudo','15');
Insert into LOCALIDADES (MUNICIPIO,NUMERO,NOMBRE_LOC,HABITANTES) values ('33','7','Rábago','52');
Insert into LOCALIDADES (MUNICIPIO,NUMERO,NOMBRE_LOC,HABITANTES) values ('34','1','Burió','22');
Insert into LOCALIDADES (MUNICIPIO,NUMERO,NOMBRE_LOC,HABITANTES) values ('34','2','Cires','45');
Insert into LOCALIDADES (MUNICIPIO,NUMERO,NOMBRE_LOC,HABITANTES) values ('34','3','Lafuente','35');
Insert into LOCALIDADES (MUNICIPIO,NUMERO,NOMBRE_LOC,HABITANTES) values ('34','4','Pumares, Los','55');
Insert into LOCALIDADES (MUNICIPIO,NUMERO,NOMBRE_LOC,HABITANTES) values ('34','5','Quintanilla','105');
Insert into LOCALIDADES (MUNICIPIO,NUMERO,NOMBRE_LOC,HABITANTES) values ('34','6','Río','27');
Insert into LOCALIDADES (MUNICIPIO,NUMERO,NOMBRE_LOC,HABITANTES) values ('34','7','Sobrelapeña','53');
Insert into LOCALIDADES (MUNICIPIO,NUMERO,NOMBRE_LOC,HABITANTES) values ('34','8','Venta Fresnedo','21');
Insert into LOCALIDADES (MUNICIPIO,NUMERO,NOMBRE_LOC,HABITANTES) values ('41','1','Cos','241');
Insert into LOCALIDADES (MUNICIPIO,NUMERO,NOMBRE_LOC,HABITANTES) values ('41','2','Herrera de Ibio','250');
Insert into LOCALIDADES (MUNICIPIO,NUMERO,NOMBRE_LOC,HABITANTES) values ('41','3','Ibio','137');
Insert into LOCALIDADES (MUNICIPIO,NUMERO,NOMBRE_LOC,HABITANTES) values ('41','4','Mazcuerras','335');
Insert into LOCALIDADES (MUNICIPIO,NUMERO,NOMBRE_LOC,HABITANTES) values ('41','5','Riaño de Ibio','157');
Insert into LOCALIDADES (MUNICIPIO,NUMERO,NOMBRE_LOC,HABITANTES) values ('41','6','Sierra de Ibio','148');
Insert into LOCALIDADES (MUNICIPIO,NUMERO,NOMBRE_LOC,HABITANTES) values ('41','7','Villanueva de la Peña','678');
Insert into LOCALIDADES (MUNICIPIO,NUMERO,NOMBRE_LOC,HABITANTES) values ('49','1','Caldas','20');
Insert into LOCALIDADES (MUNICIPIO,NUMERO,NOMBRE_LOC,HABITANTES) values ('49','2','Cicera','69');
Insert into LOCALIDADES (MUNICIPIO,NUMERO,NOMBRE_LOC,HABITANTES) values ('49','3','Hermida, La','94');
Insert into LOCALIDADES (MUNICIPIO,NUMERO,NOMBRE_LOC,HABITANTES) values ('49','4','Linares','76');
Insert into LOCALIDADES (MUNICIPIO,NUMERO,NOMBRE_LOC,HABITANTES) values ('49','5','Navedo','49');
Insert into LOCALIDADES (MUNICIPIO,NUMERO,NOMBRE_LOC,HABITANTES) values ('49','6','Piñeres','53');
Insert into LOCALIDADES (MUNICIPIO,NUMERO,NOMBRE_LOC,HABITANTES) values ('49','7','Roza','19');
Insert into LOCALIDADES (MUNICIPIO,NUMERO,NOMBRE_LOC,HABITANTES) values ('50','1','Avellanedo','18');
Insert into LOCALIDADES (MUNICIPIO,NUMERO,NOMBRE_LOC,HABITANTES) values ('50','2','Barreda','38');
Insert into LOCALIDADES (MUNICIPIO,NUMERO,NOMBRE_LOC,HABITANTES) values ('50','3','Caloca','56');
Insert into LOCALIDADES (MUNICIPIO,NUMERO,NOMBRE_LOC,HABITANTES) values ('50','4','Cueva','25');
Insert into LOCALIDADES (MUNICIPIO,NUMERO,NOMBRE_LOC,HABITANTES) values ('50','5','Lerones','40');
Insert into LOCALIDADES (MUNICIPIO,NUMERO,NOMBRE_LOC,HABITANTES) values ('50','6','Lomeña','48');
Insert into LOCALIDADES (MUNICIPIO,NUMERO,NOMBRE_LOC,HABITANTES) values ('50','7','Obargo','12');
Insert into LOCALIDADES (MUNICIPIO,NUMERO,NOMBRE_LOC,HABITANTES) values ('50','8','Pesaguero','50');
Insert into LOCALIDADES (MUNICIPIO,NUMERO,NOMBRE_LOC,HABITANTES) values ('50','9','Valdeprado','41');
Insert into LOCALIDADES (MUNICIPIO,NUMERO,NOMBRE_LOC,HABITANTES) values ('50','10','Vendejo','32');
Insert into LOCALIDADES (MUNICIPIO,NUMERO,NOMBRE_LOC,HABITANTES) values ('50','11','Parte, La','20');
Insert into LOCALIDADES (MUNICIPIO,NUMERO,NOMBRE_LOC,HABITANTES) values ('53','1','Belmonte','23');
Insert into LOCALIDADES (MUNICIPIO,NUMERO,NOMBRE_LOC,HABITANTES) values ('53','2','Callecedo','15');
Insert into LOCALIDADES (MUNICIPIO,NUMERO,NOMBRE_LOC,HABITANTES) values ('53','3','Cotillos','7');
Insert into LOCALIDADES (MUNICIPIO,NUMERO,NOMBRE_LOC,HABITANTES) values ('53','4','Lombraña','14');
Insert into LOCALIDADES (MUNICIPIO,NUMERO,NOMBRE_LOC,HABITANTES) values ('53','5','Laguna, La','18');
Insert into LOCALIDADES (MUNICIPIO,NUMERO,NOMBRE_LOC,HABITANTES) values ('53','6','Pejanda','16');
Insert into LOCALIDADES (MUNICIPIO,NUMERO,NOMBRE_LOC,HABITANTES) values ('53','7','Puente Pumar','59');
Insert into LOCALIDADES (MUNICIPIO,NUMERO,NOMBRE_LOC,HABITANTES) values ('53','8','Salceda','18');
Insert into LOCALIDADES (MUNICIPIO,NUMERO,NOMBRE_LOC,HABITANTES) values ('53','9','San Mamés','23');
Insert into LOCALIDADES (MUNICIPIO,NUMERO,NOMBRE_LOC,HABITANTES) values ('53','10','Santa Eulalia','11');
Insert into LOCALIDADES (MUNICIPIO,NUMERO,NOMBRE_LOC,HABITANTES) values ('53','11','Tresabuela','28');
Insert into LOCALIDADES (MUNICIPIO,NUMERO,NOMBRE_LOC,HABITANTES) values ('53','12','Uznayo','53');
Insert into LOCALIDADES (MUNICIPIO,NUMERO,NOMBRE_LOC,HABITANTES) values ('55','1','Potes','1500');
Insert into LOCALIDADES (MUNICIPIO,NUMERO,NOMBRE_LOC,HABITANTES) values ('55','2','Rases','11');
Insert into LOCALIDADES (MUNICIPIO,NUMERO,NOMBRE_LOC,HABITANTES) values ('60','1','Barcenaciones','169');
Insert into LOCALIDADES (MUNICIPIO,NUMERO,NOMBRE_LOC,HABITANTES) values ('60','2','Caranceja','270');
Insert into LOCALIDADES (MUNICIPIO,NUMERO,NOMBRE_LOC,HABITANTES) values ('60','3','Cerrazo','480');
Insert into LOCALIDADES (MUNICIPIO,NUMERO,NOMBRE_LOC,HABITANTES) values ('60','4','Golbardo','174');
Insert into LOCALIDADES (MUNICIPIO,NUMERO,NOMBRE_LOC,HABITANTES) values ('60','5','Helguera','535');
Insert into LOCALIDADES (MUNICIPIO,NUMERO,NOMBRE_LOC,HABITANTES) values ('60','6','Puente San Miguel','2867');
Insert into LOCALIDADES (MUNICIPIO,NUMERO,NOMBRE_LOC,HABITANTES) values ('60','7','Quijas','680');
Insert into LOCALIDADES (MUNICIPIO,NUMERO,NOMBRE_LOC,HABITANTES) values ('60','8','Reocín','67');
Insert into LOCALIDADES (MUNICIPIO,NUMERO,NOMBRE_LOC,HABITANTES) values ('60','9','San Esteban','106');
Insert into LOCALIDADES (MUNICIPIO,NUMERO,NOMBRE_LOC,HABITANTES) values ('60','10','Valles','388');
Insert into LOCALIDADES (MUNICIPIO,NUMERO,NOMBRE_LOC,HABITANTES) values ('60','11','Veguilla, La','512');
Insert into LOCALIDADES (MUNICIPIO,NUMERO,NOMBRE_LOC,HABITANTES) values ('60','12','Villapresente','943');
Insert into LOCALIDADES (MUNICIPIO,NUMERO,NOMBRE_LOC,HABITANTES) values ('63','1','Arenas','9');
Insert into LOCALIDADES (MUNICIPIO,NUMERO,NOMBRE_LOC,HABITANTES) values ('63','2','Bárcenas, Las','5');
Insert into LOCALIDADES (MUNICIPIO,NUMERO,NOMBRE_LOC,HABITANTES) values ('63','3','Cabrojo','28');
Insert into LOCALIDADES (MUNICIPIO,NUMERO,NOMBRE_LOC,HABITANTES) values ('63','4','Celis','235');
Insert into LOCALIDADES (MUNICIPIO,NUMERO,NOMBRE_LOC,HABITANTES) values ('63','5','Celucos','73');
Insert into LOCALIDADES (MUNICIPIO,NUMERO,NOMBRE_LOC,HABITANTES) values ('63','6','Cosío','216');
Insert into LOCALIDADES (MUNICIPIO,NUMERO,NOMBRE_LOC,HABITANTES) values ('63','7','Cotera, La','22');
Insert into LOCALIDADES (MUNICIPIO,NUMERO,NOMBRE_LOC,HABITANTES) values ('63','8','Herrería, La','11');
Insert into LOCALIDADES (MUNICIPIO,NUMERO,NOMBRE_LOC,HABITANTES) values ('63','9','Obeso','59');
Insert into LOCALIDADES (MUNICIPIO,NUMERO,NOMBRE_LOC,HABITANTES) values ('63','10','Pedreo','42');
Insert into LOCALIDADES (MUNICIPIO,NUMERO,NOMBRE_LOC,HABITANTES) values ('63','11','Picayos, Los','3');
Insert into LOCALIDADES (MUNICIPIO,NUMERO,NOMBRE_LOC,HABITANTES) values ('63','12','Puentenansa','204');
Insert into LOCALIDADES (MUNICIPIO,NUMERO,NOMBRE_LOC,HABITANTES) values ('63','13','Riclones','117');
Insert into LOCALIDADES (MUNICIPIO,NUMERO,NOMBRE_LOC,HABITANTES) values ('63','14','Rioseco','50');
Insert into LOCALIDADES (MUNICIPIO,NUMERO,NOMBRE_LOC,HABITANTES) values ('63','15','Rozadío','76');
Insert into LOCALIDADES (MUNICIPIO,NUMERO,NOMBRE_LOC,HABITANTES) values ('63','16','San Sebastián de Garabandal','139');
Insert into LOCALIDADES (MUNICIPIO,NUMERO,NOMBRE_LOC,HABITANTES) values ('66','1','Barcenillas','130');
Insert into LOCALIDADES (MUNICIPIO,NUMERO,NOMBRE_LOC,HABITANTES) values ('66','2','Miña, La','70');
Insert into LOCALIDADES (MUNICIPIO,NUMERO,NOMBRE_LOC,HABITANTES) values ('66','3','Ruente','288');
Insert into LOCALIDADES (MUNICIPIO,NUMERO,NOMBRE_LOC,HABITANTES) values ('66','4','Ucieda','497');
Insert into LOCALIDADES (MUNICIPIO,NUMERO,NOMBRE_LOC,HABITANTES) values ('68','1','Casasola','47');
Insert into LOCALIDADES (MUNICIPIO,NUMERO,NOMBRE_LOC,HABITANTES) values ('68','2','Concha','45');
Insert into LOCALIDADES (MUNICIPIO,NUMERO,NOMBRE_LOC,HABITANTES) values ('68','3','Iglesia. La','144');
Insert into LOCALIDADES (MUNICIPIO,NUMERO,NOMBRE_LOC,HABITANTES) values ('68','4','Liandres','84');
Insert into LOCALIDADES (MUNICIPIO,NUMERO,NOMBRE_LOC,HABITANTES) values ('68','5','Pando','139');
Insert into LOCALIDADES (MUNICIPIO,NUMERO,NOMBRE_LOC,HABITANTES) values ('68','6','Ruilobuca','52');
Insert into LOCALIDADES (MUNICIPIO,NUMERO,NOMBRE_LOC,HABITANTES) values ('68','7','Sierra','132');
Insert into LOCALIDADES (MUNICIPIO,NUMERO,NOMBRE_LOC,HABITANTES) values ('68','8','Trasierra','124');
Insert into LOCALIDADES (MUNICIPIO,NUMERO,NOMBRE_LOC,HABITANTES) values ('73','1','Abaño','76');
Insert into LOCALIDADES (MUNICIPIO,NUMERO,NOMBRE_LOC,HABITANTES) values ('73','2','Acebosa, La','153');
Insert into LOCALIDADES (MUNICIPIO,NUMERO,NOMBRE_LOC,HABITANTES) values ('73','3','Barcenal, El','41');
Insert into LOCALIDADES (MUNICIPIO,NUMERO,NOMBRE_LOC,HABITANTES) values ('73','4','Gandarilla','109');
Insert into LOCALIDADES (MUNICIPIO,NUMERO,NOMBRE_LOC,HABITANTES) values ('73','5','Hortigal','44');
Insert into LOCALIDADES (MUNICIPIO,NUMERO,NOMBRE_LOC,HABITANTES) values ('73','6','Llaos, Los','156');
Insert into LOCALIDADES (MUNICIPIO,NUMERO,NOMBRE_LOC,HABITANTES) values ('73','7','Revilla, La','338');
Insert into LOCALIDADES (MUNICIPIO,NUMERO,NOMBRE_LOC,HABITANTES) values ('73','8','San Vicente de la Barquera','3381');
Insert into LOCALIDADES (MUNICIPIO,NUMERO,NOMBRE_LOC,HABITANTES) values ('73','9','Santillán','166');
Insert into LOCALIDADES (MUNICIPIO,NUMERO,NOMBRE_LOC,HABITANTES) values ('77','1','Arroyo','53');
Insert into LOCALIDADES (MUNICIPIO,NUMERO,NOMBRE_LOC,HABITANTES) values ('77','2','Camplengo','233');
Insert into LOCALIDADES (MUNICIPIO,NUMERO,NOMBRE_LOC,HABITANTES) values ('77','3','Herrán','237');
Insert into LOCALIDADES (MUNICIPIO,NUMERO,NOMBRE_LOC,HABITANTES) values ('77','4','Mijares','304');
Insert into LOCALIDADES (MUNICIPIO,NUMERO,NOMBRE_LOC,HABITANTES) values ('77','5','Queveda','562');
Insert into LOCALIDADES (MUNICIPIO,NUMERO,NOMBRE_LOC,HABITANTES) values ('77','6','Santillana del Mar','1021');
Insert into LOCALIDADES (MUNICIPIO,NUMERO,NOMBRE_LOC,HABITANTES) values ('77','7','Ubiarco','218');
Insert into LOCALIDADES (MUNICIPIO,NUMERO,NOMBRE_LOC,HABITANTES) values ('77','8','Vispieres','355');
Insert into LOCALIDADES (MUNICIPIO,NUMERO,NOMBRE_LOC,HABITANTES) values ('77','9','Viveda','1155');
Insert into LOCALIDADES (MUNICIPIO,NUMERO,NOMBRE_LOC,HABITANTES) values ('77','10','Yuso','77');
Insert into LOCALIDADES (MUNICIPIO,NUMERO,NOMBRE_LOC,HABITANTES) values ('86','1','Bárcena Mayor','80');
Insert into LOCALIDADES (MUNICIPIO,NUMERO,NOMBRE_LOC,HABITANTES) values ('86','2','Correpoco','54');
Insert into LOCALIDADES (MUNICIPIO,NUMERO,NOMBRE_LOC,HABITANTES) values ('86','3','Saja','108');
Insert into LOCALIDADES (MUNICIPIO,NUMERO,NOMBRE_LOC,HABITANTES) values ('86','4','Tojo, El','66');
Insert into LOCALIDADES (MUNICIPIO,NUMERO,NOMBRE_LOC,HABITANTES) values ('86','5','Tojos, Los','107');
Insert into LOCALIDADES (MUNICIPIO,NUMERO,NOMBRE_LOC,HABITANTES) values ('88','1','Tresviso','71');
Insert into LOCALIDADES (MUNICIPIO,NUMERO,NOMBRE_LOC,HABITANTES) values ('89','1','Lastra, La','52');
Insert into LOCALIDADES (MUNICIPIO,NUMERO,NOMBRE_LOC,HABITANTES) values ('89','2','Santotís','25');
Insert into LOCALIDADES (MUNICIPIO,NUMERO,NOMBRE_LOC,HABITANTES) values ('89','3','Sarceda','45');
Insert into LOCALIDADES (MUNICIPIO,NUMERO,NOMBRE_LOC,HABITANTES) values ('89','4','Tudanca','90');
Insert into LOCALIDADES (MUNICIPIO,NUMERO,NOMBRE_LOC,HABITANTES) values ('90','1','Canales','74');
Insert into LOCALIDADES (MUNICIPIO,NUMERO,NOMBRE_LOC,HABITANTES) values ('90','2','Cobijón','61');
Insert into LOCALIDADES (MUNICIPIO,NUMERO,NOMBRE_LOC,HABITANTES) values ('90','3','Hayuela, La','185');
Insert into LOCALIDADES (MUNICIPIO,NUMERO,NOMBRE_LOC,HABITANTES) values ('90','4','Llano, El','87');
Insert into LOCALIDADES (MUNICIPIO,NUMERO,NOMBRE_LOC,HABITANTES) values ('90','5','Pumalverde','110');
Insert into LOCALIDADES (MUNICIPIO,NUMERO,NOMBRE_LOC,HABITANTES) values ('90','6','Rodezas','68');
Insert into LOCALIDADES (MUNICIPIO,NUMERO,NOMBRE_LOC,HABITANTES) values ('90','7','Toporias','61');
Insert into LOCALIDADES (MUNICIPIO,NUMERO,NOMBRE_LOC,HABITANTES) values ('90','8','Valoria','44');
Insert into LOCALIDADES (MUNICIPIO,NUMERO,NOMBRE_LOC,HABITANTES) values ('90','9','Virgen, La','138');
Insert into LOCALIDADES (MUNICIPIO,NUMERO,NOMBRE_LOC,HABITANTES) values ('91','1','Abanillas','81');
Insert into LOCALIDADES (MUNICIPIO,NUMERO,NOMBRE_LOC,HABITANTES) values ('91','2','Estrada','21');
Insert into LOCALIDADES (MUNICIPIO,NUMERO,NOMBRE_LOC,HABITANTES) values ('91','3','Helgueras','74');
Insert into LOCALIDADES (MUNICIPIO,NUMERO,NOMBRE_LOC,HABITANTES) values ('91','4','Luey','179');
Insert into LOCALIDADES (MUNICIPIO,NUMERO,NOMBRE_LOC,HABITANTES) values ('91','5','Molleda','187');
Insert into LOCALIDADES (MUNICIPIO,NUMERO,NOMBRE_LOC,HABITANTES) values ('91','6','Muñorrodero','95');
Insert into LOCALIDADES (MUNICIPIO,NUMERO,NOMBRE_LOC,HABITANTES) values ('91','7','Pechón','215');
Insert into LOCALIDADES (MUNICIPIO,NUMERO,NOMBRE_LOC,HABITANTES) values ('91','8','Pesués','376');
Insert into LOCALIDADES (MUNICIPIO,NUMERO,NOMBRE_LOC,HABITANTES) values ('91','9','Portillo','78');
Insert into LOCALIDADES (MUNICIPIO,NUMERO,NOMBRE_LOC,HABITANTES) values ('91','10','Prellezo','212');
Insert into LOCALIDADES (MUNICIPIO,NUMERO,NOMBRE_LOC,HABITANTES) values ('91','11','Prío','85');
Insert into LOCALIDADES (MUNICIPIO,NUMERO,NOMBRE_LOC,HABITANTES) values ('91','12','San Pedro de las Baheras','63');
Insert into LOCALIDADES (MUNICIPIO,NUMERO,NOMBRE_LOC,HABITANTES) values ('91','13','Serdio','184');
Insert into LOCALIDADES (MUNICIPIO,NUMERO,NOMBRE_LOC,HABITANTES) values ('91','14','Unquera','819');
Insert into LOCALIDADES (MUNICIPIO,NUMERO,NOMBRE_LOC,HABITANTES) values ('92','1','Caviedes','250');
Insert into LOCALIDADES (MUNICIPIO,NUMERO,NOMBRE_LOC,HABITANTES) values ('92','2','Labarces','303');
Insert into LOCALIDADES (MUNICIPIO,NUMERO,NOMBRE_LOC,HABITANTES) values ('92','3','Lamadrid','420');
Insert into LOCALIDADES (MUNICIPIO,NUMERO,NOMBRE_LOC,HABITANTES) values ('92','4','Roiz','401');
Insert into LOCALIDADES (MUNICIPIO,NUMERO,NOMBRE_LOC,HABITANTES) values ('92','5','San Vicente del Monte','217');
Insert into LOCALIDADES (MUNICIPIO,NUMERO,NOMBRE_LOC,HABITANTES) values ('92','6','Tejo, El','308');
Insert into LOCALIDADES (MUNICIPIO,NUMERO,NOMBRE_LOC,HABITANTES) values ('92','7','Treceño','511');
Insert into LOCALIDADES (MUNICIPIO,NUMERO,NOMBRE_LOC,HABITANTES) values ('97','1','Bárago','101');
Insert into LOCALIDADES (MUNICIPIO,NUMERO,NOMBRE_LOC,HABITANTES) values ('97','2','Barrio','61');
Insert into LOCALIDADES (MUNICIPIO,NUMERO,NOMBRE_LOC,HABITANTES) values ('97','3','Bores','38');
Insert into LOCALIDADES (MUNICIPIO,NUMERO,NOMBRE_LOC,HABITANTES) values ('97','4','Campollo','68');
Insert into LOCALIDADES (MUNICIPIO,NUMERO,NOMBRE_LOC,HABITANTES) values ('97','5','Dobarganes','31');
Insert into LOCALIDADES (MUNICIPIO,NUMERO,NOMBRE_LOC,HABITANTES) values ('97','6','Enterrias','18');
Insert into LOCALIDADES (MUNICIPIO,NUMERO,NOMBRE_LOC,HABITANTES) values ('97','7','Ledantes','74');
Insert into LOCALIDADES (MUNICIPIO,NUMERO,NOMBRE_LOC,HABITANTES) values ('97','8','Pollayo','13');
Insert into LOCALIDADES (MUNICIPIO,NUMERO,NOMBRE_LOC,HABITANTES) values ('97','9','Porcieda','0');
Insert into LOCALIDADES (MUNICIPIO,NUMERO,NOMBRE_LOC,HABITANTES) values ('97','10','Tollo','36');
Insert into LOCALIDADES (MUNICIPIO,NUMERO,NOMBRE_LOC,HABITANTES) values ('97','11','Toranzo','41');
Insert into LOCALIDADES (MUNICIPIO,NUMERO,NOMBRE_LOC,HABITANTES) values ('97','12','Tudes','38');
Insert into LOCALIDADES (MUNICIPIO,NUMERO,NOMBRE_LOC,HABITANTES) values ('97','13','Vada','18');
Insert into LOCALIDADES (MUNICIPIO,NUMERO,NOMBRE_LOC,HABITANTES) values ('97','14','Valmeo','40');
Insert into LOCALIDADES (MUNICIPIO,NUMERO,NOMBRE_LOC,HABITANTES) values ('97','15','Vega, La','184');
Insert into LOCALIDADES (MUNICIPIO,NUMERO,NOMBRE_LOC,HABITANTES) values ('97','16','Vejo','62');
Insert into LOCALIDADES (MUNICIPIO,NUMERO,NOMBRE_LOC,HABITANTES) values ('97','17','Villaverde','23');
REM INSERTING into MANCOMUNIDADES
SET DEFINE OFF;
Insert into MANCOMUNIDADES (REG_MANC,NOMBRE_MANC,MUNICIPIO_SEDE,NUM_SEDE) values ('0539002   ','Servicios de los Valles del Saja y Corona','12','2');
Insert into MANCOMUNIDADES (REG_MANC,NOMBRE_MANC,MUNICIPIO_SEDE,NUM_SEDE) values ('0539016   ','Saja Nansa','92','4');
REM INSERTING into MUNICIPIOS
SET DEFINE OFF;
Insert into MUNICIPIOS (ID,COD_MUN,NOMBRE,EXTENSION,POBLACION,ESCUDO,BANDERA,COMARCA,NUM_LOCS) values ('1','ALF','Alfoz de Lloredo','46,34','0',null,null,'COC','0');
Insert into MUNICIPIOS (ID,COD_MUN,NOMBRE,EXTENSION,POBLACION,ESCUDO,BANDERA,COMARCA,NUM_LOCS) values ('2','AMP','Ampuero','32,34','0',null,null,'A-A','0');
Insert into MUNICIPIOS (ID,COD_MUN,NOMBRE,EXTENSION,POBLACION,ESCUDO,BANDERA,COMARCA,NUM_LOCS) values ('3','ANI','Anievas','20,9','0',null,null,'BSY','0');
Insert into MUNICIPIOS (ID,COD_MUN,NOMBRE,EXTENSION,POBLACION,ESCUDO,BANDERA,COMARCA,NUM_LOCS) values ('4','ARI','Arenas de Iguña','86,82','0',null,null,'BSY','0');
Insert into MUNICIPIOS (ID,COD_MUN,NOMBRE,EXTENSION,POBLACION,ESCUDO,BANDERA,COMARCA,NUM_LOCS) values ('5','ARG','Argoños','5,51','0',null,null,'TRA','0');
Insert into MUNICIPIOS (ID,COD_MUN,NOMBRE,EXTENSION,POBLACION,ESCUDO,BANDERA,COMARCA,NUM_LOCS) values ('6','ARN','Arnuero','23,66','0',null,null,'TRA','0');
Insert into MUNICIPIOS (ID,COD_MUN,NOMBRE,EXTENSION,POBLACION,ESCUDO,BANDERA,COMARCA,NUM_LOCS) values ('7','ARR','Arredondo','46,83','0',null,null,'A-A','0');
Insert into MUNICIPIOS (ID,COD_MUN,NOMBRE,EXTENSION,POBLACION,ESCUDO,BANDERA,COMARCA,NUM_LOCS) values ('8','AST','Astillero','6,83','0',null,null,'SAN','0');
Insert into MUNICIPIOS (ID,COD_MUN,NOMBRE,EXTENSION,POBLACION,ESCUDO,BANDERA,COMARCA,NUM_LOCS) values ('9','BDC','Bárcena de Cicero','36,63','0',null,null,'TRA','0');
Insert into MUNICIPIOS (ID,COD_MUN,NOMBRE,EXTENSION,POBLACION,ESCUDO,BANDERA,COMARCA,NUM_LOCS) values ('10','BPC','Bárcena de Pie de Concha','30,53','0',null,null,'BSY','0');
Insert into MUNICIPIOS (ID,COD_MUN,NOMBRE,EXTENSION,POBLACION,ESCUDO,BANDERA,COMARCA,NUM_LOCS) values ('11','BAR','Bareyo','32,44','0',null,null,'TRA','0');
Insert into MUNICIPIOS (ID,COD_MUN,NOMBRE,EXTENSION,POBLACION,ESCUDO,BANDERA,COMARCA,NUM_LOCS) values ('12','CBZ','Cabezón de la Sal','33,56','0',null,null,'S-N','0');
Insert into MUNICIPIOS (ID,COD_MUN,NOMBRE,EXTENSION,POBLACION,ESCUDO,BANDERA,COMARCA,NUM_LOCS) values ('13','CBL','Cabezón de Liébana','81,43','0',null,null,'LIE','0');
Insert into MUNICIPIOS (ID,COD_MUN,NOMBRE,EXTENSION,POBLACION,ESCUDO,BANDERA,COMARCA,NUM_LOCS) values ('14','CAB','Cabuérniga','86,45','0',null,null,'S-N','0');
Insert into MUNICIPIOS (ID,COD_MUN,NOMBRE,EXTENSION,POBLACION,ESCUDO,BANDERA,COMARCA,NUM_LOCS) values ('15','CML','Camaleño','161,81','0',null,null,'LIE','0');
Insert into MUNICIPIOS (ID,COD_MUN,NOMBRE,EXTENSION,POBLACION,ESCUDO,BANDERA,COMARCA,NUM_LOCS) values ('16','CAM','Camargo','36,58','0',null,null,'SAN','0');
Insert into MUNICIPIOS (ID,COD_MUN,NOMBRE,EXTENSION,POBLACION,ESCUDO,BANDERA,COMARCA,NUM_LOCS) values ('17','CDE','Campoo de Enmedio','91,06','0',null,null,'CLV','0');
Insert into MUNICIPIOS (ID,COD_MUN,NOMBRE,EXTENSION,POBLACION,ESCUDO,BANDERA,COMARCA,NUM_LOCS) values ('18','CDY','Campoo de Yuso','89,72','0',null,null,'CLV','0');
Insert into MUNICIPIOS (ID,COD_MUN,NOMBRE,EXTENSION,POBLACION,ESCUDO,BANDERA,COMARCA,NUM_LOCS) values ('19','CRT','Cartes','19,01','0',null,null,'BSY','0');
Insert into MUNICIPIOS (ID,COD_MUN,NOMBRE,EXTENSION,POBLACION,ESCUDO,BANDERA,COMARCA,NUM_LOCS) values ('20','CAS','Castañeda','19,19','0',null,null,'VPA','0');
Insert into MUNICIPIOS (ID,COD_MUN,NOMBRE,EXTENSION,POBLACION,ESCUDO,BANDERA,COMARCA,NUM_LOCS) values ('21','CST','Castro Urdiales','96,77','0',null,null,'COR','0');
Insert into MUNICIPIOS (ID,COD_MUN,NOMBRE,EXTENSION,POBLACION,ESCUDO,BANDERA,COMARCA,NUM_LOCS) values ('22','CIE','Cieza','44,07','0',null,null,'BSY','0');
Insert into MUNICIPIOS (ID,COD_MUN,NOMBRE,EXTENSION,POBLACION,ESCUDO,BANDERA,COMARCA,NUM_LOCS) values ('23','CLL','Cillorigo de Liébana','104,52','0',null,null,'LIE','0');
Insert into MUNICIPIOS (ID,COD_MUN,NOMBRE,EXTENSION,POBLACION,ESCUDO,BANDERA,COMARCA,NUM_LOCS) values ('24','COL','Colindres','5,94','0',null,null,'COR','0');
Insert into MUNICIPIOS (ID,COD_MUN,NOMBRE,EXTENSION,POBLACION,ESCUDO,BANDERA,COMARCA,NUM_LOCS) values ('25','COM','Comillas','18,61','0',null,null,'COC','0');
Insert into MUNICIPIOS (ID,COD_MUN,NOMBRE,EXTENSION,POBLACION,ESCUDO,BANDERA,COMARCA,NUM_LOCS) values ('26','LCB','Corrales de Buelna, Los','45,38','0',null,null,'BSY','0');
Insert into MUNICIPIOS (ID,COD_MUN,NOMBRE,EXTENSION,POBLACION,ESCUDO,BANDERA,COMARCA,NUM_LOCS) values ('27','CDT','Corvera de Toranzo','49,48','0',null,null,'VPA','0');
Insert into MUNICIPIOS (ID,COD_MUN,NOMBRE,EXTENSION,POBLACION,ESCUDO,BANDERA,COMARCA,NUM_LOCS) values ('28','ENT','Entrambasaguas','43,17','0',null,null,'TRA','0');
Insert into MUNICIPIOS (ID,COD_MUN,NOMBRE,EXTENSION,POBLACION,ESCUDO,BANDERA,COMARCA,NUM_LOCS) values ('29','ESC','Escalante','19,11','0',null,null,'TRA','0');
Insert into MUNICIPIOS (ID,COD_MUN,NOMBRE,EXTENSION,POBLACION,ESCUDO,BANDERA,COMARCA,NUM_LOCS) values ('30','GUR','Guriezo','74,53','0',null,null,'A-A','0');
Insert into MUNICIPIOS (ID,COD_MUN,NOMBRE,EXTENSION,POBLACION,ESCUDO,BANDERA,COMARCA,NUM_LOCS) values ('31','HDC','Hazas de Cesto','21,89','0',null,null,'TRA','0');
Insert into MUNICIPIOS (ID,COD_MUN,NOMBRE,EXTENSION,POBLACION,ESCUDO,BANDERA,COMARCA,NUM_LOCS) values ('32','HCS','Hermandad de Campoo de Suso','222,65','0',null,null,'CLV','0');
Insert into MUNICIPIOS (ID,COD_MUN,NOMBRE,EXTENSION,POBLACION,ESCUDO,BANDERA,COMARCA,NUM_LOCS) values ('33','HRR','Herrerías','40,34','0',null,null,'S-N','0');
Insert into MUNICIPIOS (ID,COD_MUN,NOMBRE,EXTENSION,POBLACION,ESCUDO,BANDERA,COMARCA,NUM_LOCS) values ('34','LAM','Lamasón','71,23','0',null,null,'S-N','0');
Insert into MUNICIPIOS (ID,COD_MUN,NOMBRE,EXTENSION,POBLACION,ESCUDO,BANDERA,COMARCA,NUM_LOCS) values ('35','LAR','Laredo','15,71','0',null,null,'COR','0');
Insert into MUNICIPIOS (ID,COD_MUN,NOMBRE,EXTENSION,POBLACION,ESCUDO,BANDERA,COMARCA,NUM_LOCS) values ('36','LIE','Liendo','25,96','0',null,null,'COR','0');
Insert into MUNICIPIOS (ID,COD_MUN,NOMBRE,EXTENSION,POBLACION,ESCUDO,BANDERA,COMARCA,NUM_LOCS) values ('37','LRG','Liérganes','36,73','0',null,null,'TRA','0');
Insert into MUNICIPIOS (ID,COD_MUN,NOMBRE,EXTENSION,POBLACION,ESCUDO,BANDERA,COMARCA,NUM_LOCS) values ('38','LIM','Limpias','10,07','0',null,null,'A-A','0');
Insert into MUNICIPIOS (ID,COD_MUN,NOMBRE,EXTENSION,POBLACION,ESCUDO,BANDERA,COMARCA,NUM_LOCS) values ('39','LUE','Luena','90,54','0',null,null,'VPA','0');
Insert into MUNICIPIOS (ID,COD_MUN,NOMBRE,EXTENSION,POBLACION,ESCUDO,BANDERA,COMARCA,NUM_LOCS) values ('40','MAC','Marina de Cudeyo','28,37','0',null,null,'TRA','0');
Insert into MUNICIPIOS (ID,COD_MUN,NOMBRE,EXTENSION,POBLACION,ESCUDO,BANDERA,COMARCA,NUM_LOCS) values ('41','MAZ','Mazcuerras','55,65','0',null,null,'S-N','0');
Insert into MUNICIPIOS (ID,COD_MUN,NOMBRE,EXTENSION,POBLACION,ESCUDO,BANDERA,COMARCA,NUM_LOCS) values ('42','MEC','Medio Cudeyo','26,78','0',null,null,'TRA','0');
Insert into MUNICIPIOS (ID,COD_MUN,NOMBRE,EXTENSION,POBLACION,ESCUDO,BANDERA,COMARCA,NUM_LOCS) values ('43','MER','Meruelo','16,37','0',null,null,'TRA','0');
Insert into MUNICIPIOS (ID,COD_MUN,NOMBRE,EXTENSION,POBLACION,ESCUDO,BANDERA,COMARCA,NUM_LOCS) values ('44','MIE','Miengo','24,5','0',null,null,'SAN','0');
Insert into MUNICIPIOS (ID,COD_MUN,NOMBRE,EXTENSION,POBLACION,ESCUDO,BANDERA,COMARCA,NUM_LOCS) values ('45','MRA','Miera','33,77','0',null,null,'TRA','0');
Insert into MUNICIPIOS (ID,COD_MUN,NOMBRE,EXTENSION,POBLACION,ESCUDO,BANDERA,COMARCA,NUM_LOCS) values ('46','MLL','Molledo','71,07','0',null,null,'BSY','0');
Insert into MUNICIPIOS (ID,COD_MUN,NOMBRE,EXTENSION,POBLACION,ESCUDO,BANDERA,COMARCA,NUM_LOCS) values ('47','NOJ','Noja','9,2','0',null,null,'TRA','0');
Insert into MUNICIPIOS (ID,COD_MUN,NOMBRE,EXTENSION,POBLACION,ESCUDO,BANDERA,COMARCA,NUM_LOCS) values ('48','PEN','Penagos','31,67','0',null,null,'SAN','0');
Insert into MUNICIPIOS (ID,COD_MUN,NOMBRE,EXTENSION,POBLACION,ESCUDO,BANDERA,COMARCA,NUM_LOCS) values ('49','PÑR','Peñarrubia','54,28','0',null,null,'S-N','0');
Insert into MUNICIPIOS (ID,COD_MUN,NOMBRE,EXTENSION,POBLACION,ESCUDO,BANDERA,COMARCA,NUM_LOCS) values ('50','PSG','Pesaguero','69,99','0',null,null,'LIE','0');
Insert into MUNICIPIOS (ID,COD_MUN,NOMBRE,EXTENSION,POBLACION,ESCUDO,BANDERA,COMARCA,NUM_LOCS) values ('51','PSQ','Pesquera','8,93','0',null,null,'CLV','0');
Insert into MUNICIPIOS (ID,COD_MUN,NOMBRE,EXTENSION,POBLACION,ESCUDO,BANDERA,COMARCA,NUM_LOCS) values ('52','PIE','Piélagos','88,64','0',null,null,'SAN','0');
Insert into MUNICIPIOS (ID,COD_MUN,NOMBRE,EXTENSION,POBLACION,ESCUDO,BANDERA,COMARCA,NUM_LOCS) values ('53','POL','Polaciones','89,77','0',null,null,'S-N','0');
Insert into MUNICIPIOS (ID,COD_MUN,NOMBRE,EXTENSION,POBLACION,ESCUDO,BANDERA,COMARCA,NUM_LOCS) values ('54','PLN','Polanco','12,7','0',null,null,'BSY','0');
Insert into MUNICIPIOS (ID,COD_MUN,NOMBRE,EXTENSION,POBLACION,ESCUDO,BANDERA,COMARCA,NUM_LOCS) values ('55','PTS','Potes','7,64','0',null,null,'LIE','0');
Insert into MUNICIPIOS (ID,COD_MUN,NOMBRE,EXTENSION,POBLACION,ESCUDO,BANDERA,COMARCA,NUM_LOCS) values ('56','PVI','Puente Viesgo','36,14','0',null,null,'VPA','0');
Insert into MUNICIPIOS (ID,COD_MUN,NOMBRE,EXTENSION,POBLACION,ESCUDO,BANDERA,COMARCA,NUM_LOCS) values ('57','RAM','Ramales de la Victoria','34,97','0',null,null,'A-A','0');
Insert into MUNICIPIOS (ID,COD_MUN,NOMBRE,EXTENSION,POBLACION,ESCUDO,BANDERA,COMARCA,NUM_LOCS) values ('58','RAS','Rasines','42,89','0',null,null,'A-A','0');
Insert into MUNICIPIOS (ID,COD_MUN,NOMBRE,EXTENSION,POBLACION,ESCUDO,BANDERA,COMARCA,NUM_LOCS) values ('59','REI','Reinosa','4,12','0',null,null,'CLV','0');
Insert into MUNICIPIOS (ID,COD_MUN,NOMBRE,EXTENSION,POBLACION,ESCUDO,BANDERA,COMARCA,NUM_LOCS) values ('60','REO','Reocín','32,09','0',null,null,'S-N','0');
Insert into MUNICIPIOS (ID,COD_MUN,NOMBRE,EXTENSION,POBLACION,ESCUDO,BANDERA,COMARCA,NUM_LOCS) values ('61','RMA','Ribamontán al Mar','36,94','0',null,null,'TRA','0');
Insert into MUNICIPIOS (ID,COD_MUN,NOMBRE,EXTENSION,POBLACION,ESCUDO,BANDERA,COMARCA,NUM_LOCS) values ('62','RMO','Ribamontán al Monte','42,17','0',null,null,'TRA','0');
Insert into MUNICIPIOS (ID,COD_MUN,NOMBRE,EXTENSION,POBLACION,ESCUDO,BANDERA,COMARCA,NUM_LOCS) values ('63','RIO','Rionansa','118,04','0',null,null,'S-N','0');
Insert into MUNICIPIOS (ID,COD_MUN,NOMBRE,EXTENSION,POBLACION,ESCUDO,BANDERA,COMARCA,NUM_LOCS) values ('64','RTU','Riotuerto','30,48','0',null,null,'TRA','0');
Insert into MUNICIPIOS (ID,COD_MUN,NOMBRE,EXTENSION,POBLACION,ESCUDO,BANDERA,COMARCA,NUM_LOCS) values ('65','RDV','Rozas de Valdearroyo, Las','57,35','0',null,null,'CLV','0');
Insert into MUNICIPIOS (ID,COD_MUN,NOMBRE,EXTENSION,POBLACION,ESCUDO,BANDERA,COMARCA,NUM_LOCS) values ('66','RUE','Ruente','65,86','0',null,null,'S-N','0');
Insert into MUNICIPIOS (ID,COD_MUN,NOMBRE,EXTENSION,POBLACION,ESCUDO,BANDERA,COMARCA,NUM_LOCS) values ('67','RSG','Ruesga','87,96','0',null,null,'A-A','0');
Insert into MUNICIPIOS (ID,COD_MUN,NOMBRE,EXTENSION,POBLACION,ESCUDO,BANDERA,COMARCA,NUM_LOCS) values ('68','RLB','Ruiloba','15,13','0',null,null,'COC','0');
Insert into MUNICIPIOS (ID,COD_MUN,NOMBRE,EXTENSION,POBLACION,ESCUDO,BANDERA,COMARCA,NUM_LOCS) values ('69','SFB','San Felices de Buelna','36,24','0',null,null,'BSY','0');
Insert into MUNICIPIOS (ID,COD_MUN,NOMBRE,EXTENSION,POBLACION,ESCUDO,BANDERA,COMARCA,NUM_LOCS) values ('70','SMA','San Miguel de Aguayo','35,99','0',null,null,'CLV','0');
Insert into MUNICIPIOS (ID,COD_MUN,NOMBRE,EXTENSION,POBLACION,ESCUDO,BANDERA,COMARCA,NUM_LOCS) values ('71','SPR','San Pedro del Romeral','57,44','0',null,null,'VPA','0');
Insert into MUNICIPIOS (ID,COD_MUN,NOMBRE,EXTENSION,POBLACION,ESCUDO,BANDERA,COMARCA,NUM_LOCS) values ('72','SRR','San Roque de Riomiera','35,7','0',null,null,'VPA','0');
Insert into MUNICIPIOS (ID,COD_MUN,NOMBRE,EXTENSION,POBLACION,ESCUDO,BANDERA,COMARCA,NUM_LOCS) values ('73','SVC','San Vicente de la Barquera','41,04','0',null,null,'COC','0');
Insert into MUNICIPIOS (ID,COD_MUN,NOMBRE,EXTENSION,POBLACION,ESCUDO,BANDERA,COMARCA,NUM_LOCS) values ('74','SCB','Santa Cruz de Bezana','17,26','0',null,null,'SAN','0');
Insert into MUNICIPIOS (ID,COD_MUN,NOMBRE,EXTENSION,POBLACION,ESCUDO,BANDERA,COMARCA,NUM_LOCS) values ('75','SMC','Santa María de Cayón','48,23','0',null,null,'VPA','0');
Insert into MUNICIPIOS (ID,COD_MUN,NOMBRE,EXTENSION,POBLACION,ESCUDO,BANDERA,COMARCA,NUM_LOCS) values ('76','SAN','Santander','34,76','0',null,null,'SAN','0');
Insert into MUNICIPIOS (ID,COD_MUN,NOMBRE,EXTENSION,POBLACION,ESCUDO,BANDERA,COMARCA,NUM_LOCS) values ('77','SDM','Santillana del Mar','28,46','0',null,null,'COC','0');
Insert into MUNICIPIOS (ID,COD_MUN,NOMBRE,EXTENSION,POBLACION,ESCUDO,BANDERA,COMARCA,NUM_LOCS) values ('78','SDR','Santiurde de Reinosa','30,98','0',null,null,'CLV','0');
Insert into MUNICIPIOS (ID,COD_MUN,NOMBRE,EXTENSION,POBLACION,ESCUDO,BANDERA,COMARCA,NUM_LOCS) values ('79','SDT','Santiurde de Toranzo','36,82','0',null,null,'VPA','0');
Insert into MUNICIPIOS (ID,COD_MUN,NOMBRE,EXTENSION,POBLACION,ESCUDO,BANDERA,COMARCA,NUM_LOCS) values ('80','STÑ','Santoña','11,53','0',null,null,'TRA','0');
Insert into MUNICIPIOS (ID,COD_MUN,NOMBRE,EXTENSION,POBLACION,ESCUDO,BANDERA,COMARCA,NUM_LOCS) values ('81','SAR','Saro','17,82','0',null,null,'VPA','0');
Insert into MUNICIPIOS (ID,COD_MUN,NOMBRE,EXTENSION,POBLACION,ESCUDO,BANDERA,COMARCA,NUM_LOCS) values ('82','SEL','Selaya','39,29','0',null,null,'VPA','0');
Insert into MUNICIPIOS (ID,COD_MUN,NOMBRE,EXTENSION,POBLACION,ESCUDO,BANDERA,COMARCA,NUM_LOCS) values ('83','SOB','Soba','214,16','0',null,null,'A-A','0');
Insert into MUNICIPIOS (ID,COD_MUN,NOMBRE,EXTENSION,POBLACION,ESCUDO,BANDERA,COMARCA,NUM_LOCS) values ('84','SOL','Solórzano','25,5','0',null,null,'TRA','0');
Insert into MUNICIPIOS (ID,COD_MUN,NOMBRE,EXTENSION,POBLACION,ESCUDO,BANDERA,COMARCA,NUM_LOCS) values ('85','SUA','Suances','24,56','0',null,null,'BSY','0');
Insert into MUNICIPIOS (ID,COD_MUN,NOMBRE,EXTENSION,POBLACION,ESCUDO,BANDERA,COMARCA,NUM_LOCS) values ('86','LTJ','Los Tojos','89,5','0',null,null,'S-N','0');
Insert into MUNICIPIOS (ID,COD_MUN,NOMBRE,EXTENSION,POBLACION,ESCUDO,BANDERA,COMARCA,NUM_LOCS) values ('87','TOR','Torrelavega','35,54','0',null,null,'BSY','0');
Insert into MUNICIPIOS (ID,COD_MUN,NOMBRE,EXTENSION,POBLACION,ESCUDO,BANDERA,COMARCA,NUM_LOCS) values ('88','TRV','Tresviso','16,23','0',null,null,'LIE','0');
Insert into MUNICIPIOS (ID,COD_MUN,NOMBRE,EXTENSION,POBLACION,ESCUDO,BANDERA,COMARCA,NUM_LOCS) values ('89','TUD','Tudanca','52,44','0',null,null,'S-N','0');
Insert into MUNICIPIOS (ID,COD_MUN,NOMBRE,EXTENSION,POBLACION,ESCUDO,BANDERA,COMARCA,NUM_LOCS) values ('90','UDS','Udías','19,64','0',null,null,'COC','0');
Insert into MUNICIPIOS (ID,COD_MUN,NOMBRE,EXTENSION,POBLACION,ESCUDO,BANDERA,COMARCA,NUM_LOCS) values ('91','VSV','Val de San Vicente','50,86','0',null,null,'COC','0');
Insert into MUNICIPIOS (ID,COD_MUN,NOMBRE,EXTENSION,POBLACION,ESCUDO,BANDERA,COMARCA,NUM_LOCS) values ('92','VLD','Valdáliga','97,76','0',null,null,'COC','0');
Insert into MUNICIPIOS (ID,COD_MUN,NOMBRE,EXTENSION,POBLACION,ESCUDO,BANDERA,COMARCA,NUM_LOCS) values ('93','VLO','Valdeolea','83,72','0',null,null,'CLV','0');
Insert into MUNICIPIOS (ID,COD_MUN,NOMBRE,EXTENSION,POBLACION,ESCUDO,BANDERA,COMARCA,NUM_LOCS) values ('94','VDR','Valdeprado del Rio','89,33','0',null,null,'CLV','0');
Insert into MUNICIPIOS (ID,COD_MUN,NOMBRE,EXTENSION,POBLACION,ESCUDO,BANDERA,COMARCA,NUM_LOCS) values ('95','VAL','Valderredible','303,74','0',null,null,'CLV','0');
Insert into MUNICIPIOS (ID,COD_MUN,NOMBRE,EXTENSION,POBLACION,ESCUDO,BANDERA,COMARCA,NUM_LOCS) values ('96','VDV','Valle de Villaverde','19,53','0',null,null,'A-A','0');
Insert into MUNICIPIOS (ID,COD_MUN,NOMBRE,EXTENSION,POBLACION,ESCUDO,BANDERA,COMARCA,NUM_LOCS) values ('97','VGL','Vega de Liébana','133,21','0',null,null,'LIE','0');
Insert into MUNICIPIOS (ID,COD_MUN,NOMBRE,EXTENSION,POBLACION,ESCUDO,BANDERA,COMARCA,NUM_LOCS) values ('98','VDP','Vega de Pas','87,53','0',null,null,'VPA','0');
Insert into MUNICIPIOS (ID,COD_MUN,NOMBRE,EXTENSION,POBLACION,ESCUDO,BANDERA,COMARCA,NUM_LOCS) values ('99','VCR','Villacarriedo','50,74','0',null,null,'VPA','0');
Insert into MUNICIPIOS (ID,COD_MUN,NOMBRE,EXTENSION,POBLACION,ESCUDO,BANDERA,COMARCA,NUM_LOCS) values ('100','VLL','Villaescusa','28,02','0',null,null,'SAN','0');
Insert into MUNICIPIOS (ID,COD_MUN,NOMBRE,EXTENSION,POBLACION,ESCUDO,BANDERA,COMARCA,NUM_LOCS) values ('101','VFF','Villafufre','30,08','0',null,null,'VPA','0');
Insert into MUNICIPIOS (ID,COD_MUN,NOMBRE,EXTENSION,POBLACION,ESCUDO,BANDERA,COMARCA,NUM_LOCS) values ('102','VOT','Voto','77,71','0',null,null,'TRA','0');
REM INSERTING into PERSONAJES
SET DEFINE OFF;
Insert into PERSONAJES (IDPERS,PROFESION,LMUNICIPIO,LOC_NUMERO) values ('22','Conde de Casa Tagle de Trasierra','1','3');
Insert into PERSONAJES (IDPERS,PROFESION,LMUNICIPIO,LOC_NUMERO) values ('23','Ceramista y escultor','1','6');
Insert into PERSONAJES (IDPERS,PROFESION,LMUNICIPIO,LOC_NUMERO) values ('24','Monje cisterciense','1','1');
Insert into PERSONAJES (IDPERS,PROFESION,LMUNICIPIO,LOC_NUMERO) values ('25','Militar','1','1');
REM INSERTING into PERSONAS
SET DEFINE OFF;
Insert into PERSONAS (IDPERS,NOMBRE,APELLIDOS,A_NAC,LOCALIDAD,A_FALL) values ('1','Enrique','Bretones Palencia',null,null,null);
Insert into PERSONAS (IDPERS,NOMBRE,APELLIDOS,A_NAC,LOCALIDAD,A_FALL) values ('2','Patricio','Martínez Cedrún',null,null,null);
Insert into PERSONAS (IDPERS,NOMBRE,APELLIDOS,A_NAC,LOCALIDAD,A_FALL) values ('3','Agustín','Pernía Vaca',null,null,null);
Insert into PERSONAS (IDPERS,NOMBRE,APELLIDOS,A_NAC,LOCALIDAD,A_FALL) values ('4','Laureano Pablo','Gómez Fernández',null,null,null);
Insert into PERSONAS (IDPERS,NOMBRE,APELLIDOS,A_NAC,LOCALIDAD,A_FALL) values ('5','Juan José','Barruetabeña Manso',null,null,null);
Insert into PERSONAS (IDPERS,NOMBRE,APELLIDOS,A_NAC,LOCALIDAD,A_FALL) values ('6','José Manuel','Igual Órtiz',null,null,null);
Insert into PERSONAS (IDPERS,NOMBRE,APELLIDOS,A_NAC,LOCALIDAD,A_FALL) values ('7','Leoncio','Carrascal Ruiz',null,null,null);
Insert into PERSONAS (IDPERS,NOMBRE,APELLIDOS,A_NAC,LOCALIDAD,A_FALL) values ('12','Nieves','Díaz Pérez',null,null,null);
Insert into PERSONAS (IDPERS,NOMBRE,APELLIDOS,A_NAC,LOCALIDAD,A_FALL) values ('13','Emilio','González Sánchez','1965',null,null);
Insert into PERSONAS (IDPERS,NOMBRE,APELLIDOS,A_NAC,LOCALIDAD,A_FALL) values ('14','Milagros','Carmona Fernández',null,null,null);
Insert into PERSONAS (IDPERS,NOMBRE,APELLIDOS,A_NAC,LOCALIDAD,A_FALL) values ('15','José Antonio','Díaz Bueno',null,null,null);
Insert into PERSONAS (IDPERS,NOMBRE,APELLIDOS,A_NAC,LOCALIDAD,A_FALL) values ('16','Mª José','García Abascal',null,null,null);
Insert into PERSONAS (IDPERS,NOMBRE,APELLIDOS,A_NAC,LOCALIDAD,A_FALL) values ('17','Carmen Elena','Piñera Sánchez',null,null,null);
Insert into PERSONAS (IDPERS,NOMBRE,APELLIDOS,A_NAC,LOCALIDAD,A_FALL) values ('18','Ainhoa','Gutiérrez Sánchez',null,null,null);
Insert into PERSONAS (IDPERS,NOMBRE,APELLIDOS,A_NAC,LOCALIDAD,A_FALL) values ('19','Fernando','Rodríguez García',null,null,null);
Insert into PERSONAS (IDPERS,NOMBRE,APELLIDOS,A_NAC,LOCALIDAD,A_FALL) values ('20','Ana María','Herrera Carral',null,null,null);
Insert into PERSONAS (IDPERS,NOMBRE,APELLIDOS,A_NAC,LOCALIDAD,A_FALL) values ('21','Felipe','Rodríguez del Castillo',null,null,null);
Insert into PERSONAS (IDPERS,NOMBRE,APELLIDOS,A_NAC,LOCALIDAD,A_FALL) values ('22','Juan Antonio','de Tagle Bracho','1685','1750',null);
Insert into PERSONAS (IDPERS,NOMBRE,APELLIDOS,A_NAC,LOCALIDAD,A_FALL) values ('23','Pedro','García Abín','1948','1989',null);
Insert into PERSONAS (IDPERS,NOMBRE,APELLIDOS,A_NAC,LOCALIDAD,A_FALL) values ('24','Patricio','Guerín Bets','1910','2002',null);
Insert into PERSONAS (IDPERS,NOMBRE,APELLIDOS,A_NAC,LOCALIDAD,A_FALL) values ('25','Juan José','Villegas','1815','1890',null);
Insert into PERSONAS (IDPERS,NOMBRE,APELLIDOS,A_NAC,LOCALIDAD,A_FALL) values ('26','María Isabel','Fernández Gutiérrez',null,null,null);
Insert into PERSONAS (IDPERS,NOMBRE,APELLIDOS,A_NAC,LOCALIDAD,A_FALL) values ('27','Esther','Merino Portugal',null,null,null);
REM INSERTING into RIGE
SET DEFINE OFF;
Insert into RIGE (ID_RIGE,ALCALDE,MUNICIPIO,FINI,FFIN,PARTIDO) values ('1','1','1',to_date('21/06/15','DD/MM/RR'),null,'PP');
Insert into RIGE (ID_RIGE,ALCALDE,MUNICIPIO,FINI,FFIN,PARTIDO) values ('2','7','7',to_date('28/06/15','DD/MM/RR'),null,'PRC');
Insert into RIGE (ID_RIGE,ALCALDE,MUNICIPIO,FINI,FFIN,PARTIDO) values ('3','2','2',to_date('21/06/15','DD/MM/RR'),null,'PP');
Insert into RIGE (ID_RIGE,ALCALDE,MUNICIPIO,FINI,FFIN,PARTIDO) values ('4','3','3',to_date('23/06/15','DD/MM/RR'),null,'PRC');
Insert into RIGE (ID_RIGE,ALCALDE,MUNICIPIO,FINI,FFIN,PARTIDO) values ('5','4','4',to_date('28/06/15','DD/MM/RR'),null,'PRC');
Insert into RIGE (ID_RIGE,ALCALDE,MUNICIPIO,FINI,FFIN,PARTIDO) values ('6','5','5',to_date('23/06/15','DD/MM/RR'),null,'PP');
Insert into RIGE (ID_RIGE,ALCALDE,MUNICIPIO,FINI,FFIN,PARTIDO) values ('7','6','6',to_date('21/06/15','DD/MM/RR'),null,'PP');
Insert into RIGE (ID_RIGE,ALCALDE,MUNICIPIO,FINI,FFIN,PARTIDO) values ('8','26','12',to_date('16/06/07','DD/MM/RR'),to_date('16/06/11','DD/MM/RR'),'PSOE');
Insert into RIGE (ID_RIGE,ALCALDE,MUNICIPIO,FINI,FFIN,PARTIDO) values ('9','26','12',to_date('23/05/15','DD/MM/RR'),null,'PSOE');
Insert into RIGE (ID_RIGE,ALCALDE,MUNICIPIO,FINI,FFIN,PARTIDO) values ('10','27','12',to_date('11/06/11','DD/MM/RR'),to_date('22/05/15','DD/MM/RR'),'PP');
--------------------------------------------------------
--  DDL for Index PK_ALCALDES
--------------------------------------------------------

  CREATE UNIQUE INDEX PK_ALCALDES ON ALCALDES (IDPERS) 
  PCTFREE 10 INITRANS 2 MAXTRANS 255 COMPUTE STATISTICS 
  STORAGE(INITIAL 65536 NEXT 1048576 MINEXTENTS 1 MAXEXTENTS 2147483645
  PCTINCREASE 0 FREELISTS 1 FREELIST GROUPS 1
  BUFFER_POOL DEFAULT FLASH_CACHE DEFAULT CELL_FLASH_CACHE DEFAULT)
  TABLESPACE USERS ;
--------------------------------------------------------
--  DDL for Index PK_COMARCAS
--------------------------------------------------------

  CREATE UNIQUE INDEX PK_COMARCAS ON COMARCAS (COD_COM) 
  PCTFREE 10 INITRANS 2 MAXTRANS 255 COMPUTE STATISTICS 
  STORAGE(INITIAL 65536 NEXT 1048576 MINEXTENTS 1 MAXEXTENTS 2147483645
  PCTINCREASE 0 FREELISTS 1 FREELIST GROUPS 1
  BUFFER_POOL DEFAULT FLASH_CACHE DEFAULT CELL_FLASH_CACHE DEFAULT)
  TABLESPACE USERS ;
--------------------------------------------------------
--  DDL for Index PK_CONCEJALES
--------------------------------------------------------

  CREATE UNIQUE INDEX PK_CONCEJALES ON CONCEJALES (IDPERS) 
  PCTFREE 10 INITRANS 2 MAXTRANS 255 COMPUTE STATISTICS 
  STORAGE(INITIAL 65536 NEXT 1048576 MINEXTENTS 1 MAXEXTENTS 2147483645
  PCTINCREASE 0 FREELISTS 1 FREELIST GROUPS 1
  BUFFER_POOL DEFAULT FLASH_CACHE DEFAULT CELL_FLASH_CACHE DEFAULT)
  TABLESPACE USERS ;
--------------------------------------------------------
--  DDL for Index PK_INCLUIDOS
--------------------------------------------------------

  CREATE UNIQUE INDEX PK_INCLUIDOS ON INCLUIDOS (MUNICIPIO, MANCOMUNIDAD) 
  PCTFREE 10 INITRANS 2 MAXTRANS 255 COMPUTE STATISTICS 
  STORAGE(INITIAL 65536 NEXT 1048576 MINEXTENTS 1 MAXEXTENTS 2147483645
  PCTINCREASE 0 FREELISTS 1 FREELIST GROUPS 1
  BUFFER_POOL DEFAULT FLASH_CACHE DEFAULT CELL_FLASH_CACHE DEFAULT)
  TABLESPACE USERS ;
--------------------------------------------------------
--  DDL for Index PK_LIMITES
--------------------------------------------------------

  CREATE UNIQUE INDEX PK_LIMITES ON LIMITES (MUNICMAYOR, MUNICMENOR) 
  PCTFREE 10 INITRANS 2 MAXTRANS 255 COMPUTE STATISTICS 
  STORAGE(INITIAL 65536 NEXT 1048576 MINEXTENTS 1 MAXEXTENTS 2147483645
  PCTINCREASE 0 FREELISTS 1 FREELIST GROUPS 1
  BUFFER_POOL DEFAULT FLASH_CACHE DEFAULT CELL_FLASH_CACHE DEFAULT)
  TABLESPACE USERS ;
--------------------------------------------------------
--  DDL for Index PK_LOCALIDADES
--------------------------------------------------------

  CREATE UNIQUE INDEX PK_LOCALIDADES ON LOCALIDADES (MUNICIPIO, NUMERO) 
  PCTFREE 10 INITRANS 2 MAXTRANS 255 COMPUTE STATISTICS 
  STORAGE(INITIAL 65536 NEXT 1048576 MINEXTENTS 1 MAXEXTENTS 2147483645
  PCTINCREASE 0 FREELISTS 1 FREELIST GROUPS 1
  BUFFER_POOL DEFAULT FLASH_CACHE DEFAULT CELL_FLASH_CACHE DEFAULT)
  TABLESPACE USERS ;
--------------------------------------------------------
--  DDL for Index PK_MANCOMUNIDADES
--------------------------------------------------------

  CREATE UNIQUE INDEX PK_MANCOMUNIDADES ON MANCOMUNIDADES (REG_MANC) 
  PCTFREE 10 INITRANS 2 MAXTRANS 255 COMPUTE STATISTICS 
  STORAGE(INITIAL 65536 NEXT 1048576 MINEXTENTS 1 MAXEXTENTS 2147483645
  PCTINCREASE 0 FREELISTS 1 FREELIST GROUPS 1
  BUFFER_POOL DEFAULT FLASH_CACHE DEFAULT CELL_FLASH_CACHE DEFAULT)
  TABLESPACE USERS ;
--------------------------------------------------------
--  DDL for Index PK_MUNICIPIOS
--------------------------------------------------------

  CREATE UNIQUE INDEX PK_MUNICIPIOS ON MUNICIPIOS (ID) 
  PCTFREE 10 INITRANS 2 MAXTRANS 255 COMPUTE STATISTICS 
  STORAGE(INITIAL 65536 NEXT 1048576 MINEXTENTS 1 MAXEXTENTS 2147483645
  PCTINCREASE 0 FREELISTS 1 FREELIST GROUPS 1
  BUFFER_POOL DEFAULT FLASH_CACHE DEFAULT CELL_FLASH_CACHE DEFAULT)
  TABLESPACE USERS ;
--------------------------------------------------------
--  DDL for Index PK_PERSONAJES1
--------------------------------------------------------

  CREATE UNIQUE INDEX PK_PERSONAJES1 ON PERSONAJES (IDPERS) 
  PCTFREE 10 INITRANS 2 MAXTRANS 255 COMPUTE STATISTICS 
  STORAGE(INITIAL 65536 NEXT 1048576 MINEXTENTS 1 MAXEXTENTS 2147483645
  PCTINCREASE 0 FREELISTS 1 FREELIST GROUPS 1
  BUFFER_POOL DEFAULT FLASH_CACHE DEFAULT CELL_FLASH_CACHE DEFAULT)
  TABLESPACE USERS ;
--------------------------------------------------------
--  DDL for Index PK_PERSONAS
--------------------------------------------------------

  CREATE UNIQUE INDEX PK_PERSONAS ON PERSONAS (IDPERS) 
  PCTFREE 10 INITRANS 2 MAXTRANS 255 COMPUTE STATISTICS 
  STORAGE(INITIAL 65536 NEXT 1048576 MINEXTENTS 1 MAXEXTENTS 2147483645
  PCTINCREASE 0 FREELISTS 1 FREELIST GROUPS 1
  BUFFER_POOL DEFAULT FLASH_CACHE DEFAULT CELL_FLASH_CACHE DEFAULT)
  TABLESPACE USERS ;
--------------------------------------------------------
--  DDL for Index PK_RIGE1
--------------------------------------------------------

  CREATE UNIQUE INDEX PK_RIGE1 ON RIGE (ID_RIGE) 
  PCTFREE 10 INITRANS 2 MAXTRANS 255 COMPUTE STATISTICS 
  STORAGE(INITIAL 65536 NEXT 1048576 MINEXTENTS 1 MAXEXTENTS 2147483645
  PCTINCREASE 0 FREELISTS 1 FREELIST GROUPS 1
  BUFFER_POOL DEFAULT FLASH_CACHE DEFAULT CELL_FLASH_CACHE DEFAULT)
  TABLESPACE USERS ;
--------------------------------------------------------
--  DDL for Trigger PERSONAS_IDPERS_TRIG
--------------------------------------------------------

  CREATE OR REPLACE EDITIONABLE TRIGGER PERSONAS_IDPERS_TRIG BEFORE INSERT OR UPDATE ON personas
FOR EACH ROW
DECLARE 
v_newVal NUMBER(12) := 0;
v_incval NUMBER(12) := 0;
BEGIN
  IF INSERTING AND :new.idpers IS NULL THEN
    SELECT  personas_idpers_SEQ.NEXTVAL INTO v_newVal FROM DUAL;
    -- If this is the first time this table have been inserted into (sequence == 1)
    IF v_newVal = 1 THEN 
      --get the max indentity value from the table
      SELECT NVL(max(idpers),0) INTO v_newVal FROM personas;
      v_newVal := v_newVal + 1;
      --set the sequence to that value
      LOOP
           EXIT WHEN v_incval>=v_newVal;
           SELECT personas_idpers_SEQ.nextval INTO v_incval FROM dual;
      END LOOP;
    END IF;
   -- assign the value from the sequence to emulate the identity column
   :new.idpers := v_newVal;
  END IF;
END;
/
ALTER TRIGGER PERSONAS_IDPERS_TRIG ENABLE;
--------------------------------------------------------
--  DDL for Trigger RIGE_ID_RIGE_TRIG
--------------------------------------------------------

  CREATE OR REPLACE EDITIONABLE TRIGGER RIGE_ID_RIGE_TRIG BEFORE INSERT OR UPDATE ON rige
FOR EACH ROW
DECLARE 
v_newVal NUMBER(12) := 0;
v_incval NUMBER(12) := 0;
BEGIN
  IF INSERTING AND :new.id_rige IS NULL THEN
    SELECT  rige_id_rige_SEQ.NEXTVAL INTO v_newVal FROM DUAL;
    -- If this is the first time this table have been inserted into (sequence == 1)
    IF v_newVal = 1 THEN 
      --get the max indentity value from the table
      SELECT NVL(max(id_rige),0) INTO v_newVal FROM rige;
      v_newVal := v_newVal + 1;
      --set the sequence to that value
      LOOP
           EXIT WHEN v_incval>=v_newVal;
           SELECT rige_id_rige_SEQ.nextval INTO v_incval FROM dual;
      END LOOP;
    END IF;
   -- assign the value from the sequence to emulate the identity column
   :new.id_rige := v_newVal;
  END IF;
END;
/
ALTER TRIGGER RIGE_ID_RIGE_TRIG ENABLE;
--------------------------------------------------------
--  Constraints for Table ALCALDES
--------------------------------------------------------

  ALTER TABLE ALCALDES MODIFY (IDPERS NOT NULL ENABLE);
  ALTER TABLE ALCALDES ADD CONSTRAINT PK_ALCALDES PRIMARY KEY (IDPERS)
  USING INDEX PCTFREE 10 INITRANS 2 MAXTRANS 255 COMPUTE STATISTICS 
  STORAGE(INITIAL 65536 NEXT 1048576 MINEXTENTS 1 MAXEXTENTS 2147483645
  PCTINCREASE 0 FREELISTS 1 FREELIST GROUPS 1
  BUFFER_POOL DEFAULT FLASH_CACHE DEFAULT CELL_FLASH_CACHE DEFAULT)
  TABLESPACE USERS  ENABLE;
--------------------------------------------------------
--  Constraints for Table COMARCAS
--------------------------------------------------------

  ALTER TABLE COMARCAS MODIFY (COD_COM NOT NULL ENABLE);
  ALTER TABLE COMARCAS MODIFY (NOMBRE_COM NOT NULL ENABLE);
  ALTER TABLE COMARCAS MODIFY (NUM_MUNICS NOT NULL ENABLE);
  ALTER TABLE COMARCAS ADD CONSTRAINT PK_COMARCAS PRIMARY KEY (COD_COM)
  USING INDEX PCTFREE 10 INITRANS 2 MAXTRANS 255 COMPUTE STATISTICS 
  STORAGE(INITIAL 65536 NEXT 1048576 MINEXTENTS 1 MAXEXTENTS 2147483645
  PCTINCREASE 0 FREELISTS 1 FREELIST GROUPS 1
  BUFFER_POOL DEFAULT FLASH_CACHE DEFAULT CELL_FLASH_CACHE DEFAULT)
  TABLESPACE USERS  ENABLE;
--------------------------------------------------------
--  Constraints for Table CONCEJALES
--------------------------------------------------------

  ALTER TABLE CONCEJALES MODIFY (IDPERS NOT NULL ENABLE);
  ALTER TABLE CONCEJALES MODIFY (PARTIDO NOT NULL ENABLE);
  ALTER TABLE CONCEJALES MODIFY (MUNICIPIO NOT NULL ENABLE);
  ALTER TABLE CONCEJALES ADD CONSTRAINT PK_CONCEJALES PRIMARY KEY (IDPERS)
  USING INDEX PCTFREE 10 INITRANS 2 MAXTRANS 255 COMPUTE STATISTICS 
  STORAGE(INITIAL 65536 NEXT 1048576 MINEXTENTS 1 MAXEXTENTS 2147483645
  PCTINCREASE 0 FREELISTS 1 FREELIST GROUPS 1
  BUFFER_POOL DEFAULT FLASH_CACHE DEFAULT CELL_FLASH_CACHE DEFAULT)
  TABLESPACE USERS  ENABLE;
--------------------------------------------------------
--  Constraints for Table INCLUIDOS
--------------------------------------------------------

  ALTER TABLE INCLUIDOS MODIFY (MUNICIPIO NOT NULL ENABLE);
  ALTER TABLE INCLUIDOS MODIFY (MANCOMUNIDAD NOT NULL ENABLE);
  ALTER TABLE INCLUIDOS MODIFY (F_ALTA NOT NULL ENABLE);
  ALTER TABLE INCLUIDOS ADD CONSTRAINT PK_INCLUIDOS PRIMARY KEY (MUNICIPIO, MANCOMUNIDAD)
  USING INDEX PCTFREE 10 INITRANS 2 MAXTRANS 255 COMPUTE STATISTICS 
  STORAGE(INITIAL 65536 NEXT 1048576 MINEXTENTS 1 MAXEXTENTS 2147483645
  PCTINCREASE 0 FREELISTS 1 FREELIST GROUPS 1
  BUFFER_POOL DEFAULT FLASH_CACHE DEFAULT CELL_FLASH_CACHE DEFAULT)
  TABLESPACE USERS  ENABLE;
--------------------------------------------------------
--  Constraints for Table LIMITES
--------------------------------------------------------

  ALTER TABLE LIMITES MODIFY (MUNICMAYOR NOT NULL ENABLE);
  ALTER TABLE LIMITES MODIFY (MUNICMENOR NOT NULL ENABLE);
  ALTER TABLE LIMITES ADD CONSTRAINT PK_LIMITES PRIMARY KEY (MUNICMAYOR, MUNICMENOR)
  USING INDEX PCTFREE 10 INITRANS 2 MAXTRANS 255 COMPUTE STATISTICS 
  STORAGE(INITIAL 65536 NEXT 1048576 MINEXTENTS 1 MAXEXTENTS 2147483645
  PCTINCREASE 0 FREELISTS 1 FREELIST GROUPS 1
  BUFFER_POOL DEFAULT FLASH_CACHE DEFAULT CELL_FLASH_CACHE DEFAULT)
  TABLESPACE USERS  ENABLE;
--------------------------------------------------------
--  Constraints for Table LOCALIDADES
--------------------------------------------------------

  ALTER TABLE LOCALIDADES MODIFY (MUNICIPIO NOT NULL ENABLE);
  ALTER TABLE LOCALIDADES MODIFY (NUMERO NOT NULL ENABLE);
  ALTER TABLE LOCALIDADES MODIFY (NOMBRE_LOC NOT NULL ENABLE);
  ALTER TABLE LOCALIDADES MODIFY (HABITANTES NOT NULL ENABLE);
  ALTER TABLE LOCALIDADES ADD CONSTRAINT PK_LOCALIDADES PRIMARY KEY (MUNICIPIO, NUMERO)
  USING INDEX PCTFREE 10 INITRANS 2 MAXTRANS 255 COMPUTE STATISTICS 
  STORAGE(INITIAL 65536 NEXT 1048576 MINEXTENTS 1 MAXEXTENTS 2147483645
  PCTINCREASE 0 FREELISTS 1 FREELIST GROUPS 1
  BUFFER_POOL DEFAULT FLASH_CACHE DEFAULT CELL_FLASH_CACHE DEFAULT)
  TABLESPACE USERS  ENABLE;
--------------------------------------------------------
--  Constraints for Table MANCOMUNIDADES
--------------------------------------------------------

  ALTER TABLE MANCOMUNIDADES MODIFY (REG_MANC NOT NULL ENABLE);
  ALTER TABLE MANCOMUNIDADES MODIFY (NOMBRE_MANC NOT NULL ENABLE);
  ALTER TABLE MANCOMUNIDADES MODIFY (DES NOT NULL ENABLE);
  ALTER TABLE MANCOMUNIDADES ADD CONSTRAINT PK_MANCOMUNIDADES PRIMARY KEY (REG_MANC)
  USING INDEX PCTFREE 10 INITRANS 2 MAXTRANS 255 COMPUTE STATISTICS 
  STORAGE(INITIAL 65536 NEXT 1048576 MINEXTENTS 1 MAXEXTENTS 2147483645
  PCTINCREASE 0 FREELISTS 1 FREELIST GROUPS 1
  BUFFER_POOL DEFAULT FLASH_CACHE DEFAULT CELL_FLASH_CACHE DEFAULT)
  TABLESPACE USERS  ENABLE;
--------------------------------------------------------
--  Constraints for Table MUNICIPIOS
--------------------------------------------------------

  ALTER TABLE MUNICIPIOS MODIFY (ID NOT NULL ENABLE);
  ALTER TABLE MUNICIPIOS MODIFY (COD_MUN NOT NULL ENABLE);
  ALTER TABLE MUNICIPIOS MODIFY (NOMBRE NOT NULL ENABLE);
  ALTER TABLE MUNICIPIOS MODIFY (EXTENSION NOT NULL ENABLE);
  ALTER TABLE MUNICIPIOS MODIFY (POBLACION NOT NULL ENABLE);
  ALTER TABLE MUNICIPIOS ADD CONSTRAINT PK_MUNICIPIOS PRIMARY KEY (ID)
  USING INDEX PCTFREE 10 INITRANS 2 MAXTRANS 255 COMPUTE STATISTICS 
  STORAGE(INITIAL 65536 NEXT 1048576 MINEXTENTS 1 MAXEXTENTS 2147483645
  PCTINCREASE 0 FREELISTS 1 FREELIST GROUPS 1
  BUFFER_POOL DEFAULT FLASH_CACHE DEFAULT CELL_FLASH_CACHE DEFAULT)
  TABLESPACE USERS  ENABLE;
--------------------------------------------------------
--  Constraints for Table PERSONAJES
--------------------------------------------------------

  ALTER TABLE PERSONAJES MODIFY (IDPERS NOT NULL ENABLE);
  ALTER TABLE PERSONAJES MODIFY (PROFESION NOT NULL ENABLE);
  ALTER TABLE PERSONAJES MODIFY (LMUNICIPIO NOT NULL ENABLE);
  ALTER TABLE PERSONAJES MODIFY (LOC_NUMERO NOT NULL ENABLE);
  ALTER TABLE PERSONAJES ADD CONSTRAINT PK_PERSONAJES1 PRIMARY KEY (IDPERS)
  USING INDEX PCTFREE 10 INITRANS 2 MAXTRANS 255 COMPUTE STATISTICS 
  STORAGE(INITIAL 65536 NEXT 1048576 MINEXTENTS 1 MAXEXTENTS 2147483645
  PCTINCREASE 0 FREELISTS 1 FREELIST GROUPS 1
  BUFFER_POOL DEFAULT FLASH_CACHE DEFAULT CELL_FLASH_CACHE DEFAULT)
  TABLESPACE USERS  ENABLE;
--------------------------------------------------------
--  Constraints for Table PERSONAS
--------------------------------------------------------

  ALTER TABLE PERSONAS MODIFY (IDPERS NOT NULL ENABLE);
  ALTER TABLE PERSONAS MODIFY (NOMBRE NOT NULL ENABLE);
  ALTER TABLE PERSONAS MODIFY (APELLIDOS NOT NULL ENABLE);
  ALTER TABLE PERSONAS ADD CONSTRAINT PK_PERSONAS PRIMARY KEY (IDPERS)
  USING INDEX PCTFREE 10 INITRANS 2 MAXTRANS 255 COMPUTE STATISTICS 
  STORAGE(INITIAL 65536 NEXT 1048576 MINEXTENTS 1 MAXEXTENTS 2147483645
  PCTINCREASE 0 FREELISTS 1 FREELIST GROUPS 1
  BUFFER_POOL DEFAULT FLASH_CACHE DEFAULT CELL_FLASH_CACHE DEFAULT)
  TABLESPACE USERS  ENABLE;
--------------------------------------------------------
--  Constraints for Table RIGE
--------------------------------------------------------

  ALTER TABLE RIGE MODIFY (ID_RIGE NOT NULL ENABLE);
  ALTER TABLE RIGE MODIFY (ALCALDE NOT NULL ENABLE);
  ALTER TABLE RIGE MODIFY (MUNICIPIO NOT NULL ENABLE);
  ALTER TABLE RIGE MODIFY (FINI NOT NULL ENABLE);
  ALTER TABLE RIGE MODIFY (PARTIDO NOT NULL ENABLE);
  ALTER TABLE RIGE ADD CONSTRAINT PK_RIGE1 PRIMARY KEY (ID_RIGE)
  USING INDEX PCTFREE 10 INITRANS 2 MAXTRANS 255 COMPUTE STATISTICS 
  STORAGE(INITIAL 65536 NEXT 1048576 MINEXTENTS 1 MAXEXTENTS 2147483645
  PCTINCREASE 0 FREELISTS 1 FREELIST GROUPS 1
  BUFFER_POOL DEFAULT FLASH_CACHE DEFAULT CELL_FLASH_CACHE DEFAULT)
  TABLESPACE USERS  ENABLE;
--------------------------------------------------------
--  Ref Constraints for Table ALCALDES
--------------------------------------------------------

  ALTER TABLE ALCALDES ADD CONSTRAINT FK_ALCALDES_PERSONAS1 FOREIGN KEY (IDPERS)
	  REFERENCES PERSONAS (IDPERS) ON DELETE CASCADE ENABLE;
--------------------------------------------------------
--  Ref Constraints for Table CONCEJALES
--------------------------------------------------------

  ALTER TABLE CONCEJALES ADD CONSTRAINT FK_CONCEJAJES_MUNICIPIOS1 FOREIGN KEY (MUNICIPIO)
	  REFERENCES MUNICIPIOS (ID) ON DELETE CASCADE ENABLE;
  ALTER TABLE CONCEJALES ADD CONSTRAINT FK_CONCEJAJES_PERSONAS1 FOREIGN KEY (IDPERS)
	  REFERENCES PERSONAS (IDPERS) ON DELETE CASCADE ENABLE;
--------------------------------------------------------
--  Ref Constraints for Table INCLUIDOS
--------------------------------------------------------

  ALTER TABLE INCLUIDOS ADD CONSTRAINT FK_MUNICIPIOS_HAS_MANCOMUNIDADES_MANCOMUNIDADES1 FOREIGN KEY (MANCOMUNIDAD)
	  REFERENCES MANCOMUNIDADES (REG_MANC) ENABLE;
  ALTER TABLE INCLUIDOS ADD CONSTRAINT FK_MUNICIPIOS_HAS_MANCOMUNIDADES_MUNICIPIOS1 FOREIGN KEY (MUNICIPIO)
	  REFERENCES MUNICIPIOS (ID) ENABLE;
--------------------------------------------------------
--  Ref Constraints for Table LIMITES
--------------------------------------------------------

  ALTER TABLE LIMITES ADD CONSTRAINT FK_MUNICMAYOR_MUNICIPIOS1 FOREIGN KEY (MUNICMAYOR)
	  REFERENCES MUNICIPIOS (ID) ON DELETE CASCADE ENABLE;
  ALTER TABLE LIMITES ADD CONSTRAINT FK_MUNICMAYOR_MUNICIPIOS2 FOREIGN KEY (MUNICMENOR)
	  REFERENCES MUNICIPIOS (ID) ON DELETE CASCADE ENABLE;
--------------------------------------------------------
--  Ref Constraints for Table LOCALIDADES
--------------------------------------------------------

  ALTER TABLE LOCALIDADES ADD CONSTRAINT FK_LOCALIDADES_MUNICIPIOS1 FOREIGN KEY (MUNICIPIO)
	  REFERENCES MUNICIPIOS (ID) ON DELETE CASCADE ENABLE;
--------------------------------------------------------
--  Ref Constraints for Table MANCOMUNIDADES
--------------------------------------------------------

  ALTER TABLE MANCOMUNIDADES ADD CONSTRAINT FK_MANCOMUNIDADES_LOCALIDADES1 FOREIGN KEY (MUNICIPIO_SEDE, NUM_SEDE)
	  REFERENCES LOCALIDADES (MUNICIPIO, NUMERO) ON DELETE SET NULL ENABLE;
--------------------------------------------------------
--  Ref Constraints for Table MUNICIPIOS
--------------------------------------------------------

  ALTER TABLE MUNICIPIOS ADD CONSTRAINT FK_MUNICIPIOS_COMARCAS1 FOREIGN KEY (COMARCA)
	  REFERENCES COMARCAS (COD_COM) ON DELETE SET NULL ENABLE;
--------------------------------------------------------
--  Ref Constraints for Table PERSONAJES
--------------------------------------------------------

  ALTER TABLE PERSONAJES ADD CONSTRAINT FK_PERSONAJES_LOCALIDADES1 FOREIGN KEY (LMUNICIPIO, LOC_NUMERO)
	  REFERENCES LOCALIDADES (MUNICIPIO, NUMERO) ON DELETE CASCADE ENABLE;
  ALTER TABLE PERSONAJES ADD CONSTRAINT FK_PERSONAJES_PERSONAS FOREIGN KEY (IDPERS)
	  REFERENCES PERSONAS (IDPERS) ON DELETE CASCADE ENABLE;
--------------------------------------------------------
--  Ref Constraints for Table RIGE
--------------------------------------------------------

  ALTER TABLE RIGE ADD CONSTRAINT FK_ALCALDES_HAS_MUNICIPIOS_ALCALDES1 FOREIGN KEY (ALCALDE)
	  REFERENCES ALCALDES (IDPERS) ON DELETE CASCADE ENABLE;
  ALTER TABLE RIGE ADD CONSTRAINT FK_ALCALDES_HAS_MUNICIPIOS_MUNICIPIOS1 FOREIGN KEY (MUNICIPIO)
	  REFERENCES MUNICIPIOS (ID) ON DELETE CASCADE ENABLE;

create table informe(
        nombremuni varchar2(50),
        nombreloc varchar2(50),
        habitantes NUMBER);
